11,0,-3.38,-7.44,-6.62,-27.01,0.12,100
18,0,-3.38,-7.44,-6.22,-25.38,0.13,100
25,0,-1.40,-7.03,-7.24,-21.19,0.13,100
42,0,1.51,-3.25,1.51,-9.03,0.13,100
61,0,3.00,-1.35,1.84,-4.74,0.14,100
80,0,4.29,1.72,2.01,-1.24,0.14,100
99,0,6.03,3.47,4.35,-0.29,0.14,100
117,0,6.03,3.64,4.54,-4.66,0.14,100
134,0,6.03,3.64,4.61,0.18,0.14,100
150,0,6.34,4.14,3.80,-1.73,0.15,100
166,0,6.34,4.62,5.06,-2.19,0.15,100
182,0,6.73,5.08,6.73,-10.13,0.15,100
197,0,6.73,5.22,5.56,-0.29,0.15,100
213,0,8.18,5.62,7.43,-1.14,0.15,100
227,0,8.76,6.26,7.49,-1.40,0.15,100
242,0,9.48,7.16,8.73,1.12,0.15,100
254,0,10.50,7.64,10.50,2.69,0.15,100
266,0,12.22,9.37,10.09,1.86,0.15,100
278,0,12.22,10.71,9.16,-0.80,0.15,100
289,0,12.22,10.71,11.71,1.05,0.15,100
300,0,12.92,11.50,12.65,0.56,0.15,100
312,0,14.14,13.01,13.49,7.62,0.15,100
324,0,19.83,19.16,19.83,14.64,0.15,100
335,0,24.91,22.52,24.91,16.06,0.15,100
347,0,26.89,26.30,26.19,21.89,0.15,100
359,0,29.13,27.10,28.65,23.26,0.16,100
371,0,29.34,28.30,28.81,21.79,0.16,100
383,0,32.03,30.40,31.47,23.55,0.16,100
395,0,35.28,33.42,34.06,23.90,0.16,100
407,0,38.46,34.06,37.11,21.84,0.16,100
419,1,38.46,34.95,37.57,26.78,0.16,100
431,1,38.46,35.50,37.71,27.31,0.16,100
443,1,39.25,36.03,36.72,27.73,0.16,100
456,1,39.25,36.03,36.73,24.90,0.16,100
467,1,39.25,36.03,38.20,23.91,0.16,100
478,1,39.25,36.03,34.22,23.71,0.16,100
490,1,39.25,36.03,36.45,27.26,0.16,100
501,1,42.71,37.74,39.42,27.10,0.16,100
512,1,43.13,39.21,43.13,27.23,0.16,100
524,1,43.13,39.34,42.37,28.55,0.16,100
535,1,43.57,40.21,41.82,32.13,0.16,100
547,1,43.81,41.09,41.97,33.37,0.16,100
559,1,44.05,41.09,44.05,33.62,0.16,100
570,1,46.30,41.09,46.30,34.19,0.16,100
582,1,46.30,43.96,44.26,34.77,0.16,100
594,1,46.30,43.96,44.06,25.32,0.16,100
605,1,46.30,43.96,45.19,28.08,0.16,100
617,1,46.59,43.96,45.88,25.79,0.16,100
628,1,46.59,43.96,44.33,30.62,0.16,100
639,1,46.59,43.96,46.43,25.14,0.16,100
651,1,46.59,43.96,43.58,38.24,0.16,100
664,1,46.59,43.96,42.56,34.40,0.16,100
676,1,46.59,43.96,44.42,40.34,0.16,100
689,1,46.59,43.96,45.68,34.05,0.16,100
702,1,47.39,43.96,42.28,37.59,0.16,100
714,1,47.39,43.96,44.99,35.75,0.16,100
727,1,48.46,43.96,45.19,36.45,0.16,100
740,2,48.46,43.96,44.39,37.41,0.16,100
752,2,49.24,43.96,46.03,32.32,0.16,100
765,2,49.24,43.96,44.74,33.13,0.16,100
778,2,49.24,43.96,48.59,35.73,0.16,100
790,2,49.24,43.96,44.29,36.42,0.16,100
802,2,49.24,43.96,44.70,36.43,0.16,100
815,2,49.24,43.96,46.26,35.97,0.16,100
828,2,49.24,43.96,48.08,34.80,0.16,100
840,2,50.33,45.41,49.17,29.89,0.16,100
851,2,50.72,46.35,50.64,36.28,0.16,100
862,2,52.63,46.35,52.63,36.49,0.16,100
873,2,52.63,46.48,49.54,39.86,0.16,100
885,2,52.63,49.36,50.82,39.45,0.16,100
897,2,52.63,49.36,51.81,41.87,0.16,100
909,2,52.63,49.36,51.05,31.72,0.16,100
920,2,52.63,49.36,52.58,32.46,0.16,100
931,2,55.70,49.80,49.75,39.64,0.16,100
942,2,55.70,49.80,51.45,29.67,0.16,100
953,2,58.13,49.80,57.14,34.26,0.17,100
963,2,58.13,49.80,52.49,36.63,0.17,100
973,2,58.28,49.80,56.59,40.89,0.17,100
983,2,60.44,53.27,57.98,42.05,0.17,100
993,2,62.74,55.14,57.86,34.36,0.17,100
1003,2,64.45,55.14,56.49,38.88,0.17,100
1012,2,66.30,56.17,60.55,37.26,0.17,100
1021,2,66.30,56.17,57.60,35.63,0.17,100
1030,2,66.30,56.17,59.00,40.36,0.17,100
1040,3,66.30,56.40,54.63,36.42,0.17,100
1050,3,66.30,56.40,55.68,38.04,0.17,100
1060,3,67.73,56.40,67.73,39.25,0.17,100
1070,3,67.73,58.27,56.63,40.63,0.17,100
1079,3,70.02,59.95,61.64,42.94,0.17,100
1088,3,70.02,59.95,62.57,45.54,0.17,100
1097,3,70.02,59.95,64.54,37.41,0.17,100
1106,3,70.76,59.95,64.89,40.19,0.17,100
1116,3,72.90,59.95,66.03,42.25,0.17,100
1125,3,76.34,65.76,70.16,36.91,0.17,100
1134,3,76.34,65.76,65.74,36.30,0.17,100
1143,3,76.34,65.76,69.25,34.03,0.17,100
1153,3,76.34,65.76,68.77,43.10,0.17,100
1162,3,76.34,65.76,68.30,47.24,0.17,100
1171,3,76.34,70.01,66.63,43.25,0.17,100
1180,3,76.34,70.01,65.24,44.73,0.17,100
1189,3,76.34,70.01,65.41,40.00,0.17,100
1198,3,76.34,70.01,68.22,37.39,0.17,100
1207,3,83.19,70.01,83.19,50.42,0.17,100
1216,3,83.19,70.01,75.53,49.79,0.17,100
1225,3,83.19,70.01,69.90,48.48,0.17,100
1234,3,85.36,70.01,77.37,46.25,0.17,100
1244,3,85.36,70.01,76.35,50.19,0.17,100
1253,3,85.36,70.01,75.38,48.51,0.17,100
1263,3,85.36,70.01,73.27,51.99,0.17,100
1273,3,85.36,70.01,72.98,53.40,0.17,100
1283,4,85.36,70.01,73.11,47.66,0.17,100
1293,4,85.36,70.01,80.82,49.73,0.17,100
1302,4,85.36,70.01,83.75,51.29,0.17,100
1312,4,86.14,70.01,73.87,51.69,0.17,100
1321,4,86.14,77.05,78.59,51.18,0.17,100
1331,4,86.14,77.05,79.61,46.30,0.17,100
1341,4,86.14,77.05,73.00,51.43,0.17,100
1351,4,86.14,77.05,75.11,52.74,0.17,100
1361,4,86.14,77.05,70.00,49.50,0.17,100
1371,4,86.14,77.05,73.95,49.80,0.17,100
1380,4,86.14,77.05,68.26,47.02,0.17,100
1390,4,86.14,77.05,73.32,45.49,0.17,100
1400,4,86.14,77.05,67.61,52.14,0.17,100
1410,4,86.14,77.05,78.08,51.62,0.17,100
1419,4,86.14,77.05,81.77,54.08,0.17,100
1429,4,86.14,77.05,78.20,50.59,0.17,100
1438,4,86.14,77.05,81.35,53.09,0.17,100
1447,4,86.14,77.05,78.03,52.42,0.17,100
1457,4,86.14,77.05,82.69,55.34,0.17,100
1466,4,86.14,77.05,78.03,46.25,0.17,100
1476,4,86.14,77.05,79.45,51.99,0.17,100
1486,4,86.14,77.05,77.46,54.55,0.17,100
1496,4,86.14,77.05,76.74,56.04,0.17,100
1506,4,86.14,77.05,77.04,44.34,0.17,100
1515,4,86.14,77.05,77.91,49.73,0.17,100
1525,5,86.14,77.05,77.54,52.80,0.17,100
1535,5,86.14,77.05,72.06,50.23,0.17,100
1545,5,86.14,77.05,68.87,46.58,0.17,100
1554,5,86.14,77.05,81.68,47.61,0.17,100
1563,5,86.14,77.05,80.59,56.61,0.17,100
1572,5,86.38,77.05,86.38,46.63,0.17,100
1581,5,86.38,77.05,77.98,54.05,0.17,100
1591,5,86.38,77.05,81.21,51.86,0.17,100
1601,5,89.16,77.05,78.33,56.24,0.17,100
1610,5,92.51,77.05,78.40,55.75,0.17,100
1619,5,92.51,77.83,86.83,53.40,0.17,100
1629,5,92.51,77.83,83.49,58.46,0.17,100
1638,5,92.51,77.83,84.46,51.54,0.17,100
1648,5,92.51,77.83,82.69,56.17,0.17,100
1658,5,92.51,77.83,89.44,52.17,0.17,100
1668,5,92.51,77.83,83.45,57.67,0.17,100
1677,5,92.51,77.83,78.74,43.10,0.17,100
1687,5,92.51,77.83,83.04,59.25,0.17,100
1696,5,92.51,78.32,82.66,58.72,0.17,100
1705,5,92.51,78.32,80.65,55.33,0.17,100
1715,5,92.51,78.32,82.32,57.46,0.17,100
1724,5,92.51,78.32,81.34,56.88,0.17,100
1733,5,92.51,78.32,78.29,49.62,0.17,100
1742,5,92.51,78.32,84.11,49.64,0.17,100
1752,5,92.51,78.32,77.56,36.39,0.17,100
1762,6,92.51,78.32,84.17,45.12,0.17,100
1771,6,92.51,78.32,77.90,44.47,0.17,100
1781,6,92.51,78.32,79.65,46.42,0.17,100
1791,6,92.51,78.32,85.62,48.32,0.17,100
1801,6,92.51,82.97,76.57,46.17,0.18,100
1810,6,92.51,82.97,77.57,45.13,0.18,100
1819,6,92.51,82.97,81.68,54.51,0.18,100
1828,6,92.51,82.97,85.46,48.72,0.18,100
1837,6,92.51,82.97,85.76,40.35,0.17,100
1846,6,92.51,82.97,82.80,45.87,0.17,100
1855,6,92.51,82.97,80.40,59.93,0.17,100
1865,6,92.51,82.97,84.56,53.42,0.17,100
1874,6,93.77,82.97,93.77,60.62,0.18,100
1883,6,93.77,82.97,80.89,56.31,0.18,100
1892,6,93.77,82.97,82.93,49.94,0.18,100
1901,6,93.77,84.97,89.71,56.20,0.18,100
1911,6,93.77,87.30,87.11,53.06,0.18,100
1920,6,93.77,87.30,79.99,57.06,0.18,100
1929,6,93.77,87.30,81.54,54.59,0.18,100
1939,6,93.77,87.30,79.40,45.97,0.18,100
1948,6,93.77,87.30,83.52,50.97,0.18,100
1957,6,96.95,87.30,93.13,47.98,0.18,100
1967,6,96.95,87.30,87.71,48.55,0.18,100
1976,6,98.86,87.30,96.69,65.52,0.18,100
1985,6,98.86,87.30,96.27,61.93,0.18,100
1995,7,98.86,87.30,87.68,59.87,0.18,100
2005,7,98.86,87.30,88.71,63.84,0.18,100
2014,7,98.86,87.30,81.39,51.59,0.18,100
2023,7,98.86,87.30,88.54,59.50,0.18,100
2033,7,98.86,87.30,95.68,52.13,0.18,100
2043,7,98.86,87.30,91.05,56.21,0.18,100
2053,7,98.86,87.30,87.51,58.20,0.18,100
2063,7,98.86,87.30,94.59,49.05,0.18,100
2073,7,98.86,87.30,87.93,40.81,0.18,100
2082,7,98.86,87.30,80.09,44.80,0.18,100
2092,7,98.86,87.30,86.16,59.54,0.18,100
2102,7,98.86,87.30,82.50,52.36,0.17,100
2111,7,98.86,87.30,78.27,51.11,0.17,100
2120,7,98.86,87.30,79.49,43.15,0.17,100
2129,7,98.86,87.30,84.42,41.31,0.17,100
2138,7,98.86,87.30,81.63,43.62,0.17,100
2148,7,98.86,87.30,73.68,44.02,0.17,100
2158,7,98.86,87.30,81.00,40.51,0.17,100
2168,7,98.86,87.30,87.59,45.68,0.17,100
2178,7,98.86,87.30,83.83,46.02,0.18,100
2188,7,98.86,87.30,76.19,49.57,0.18,100
2198,7,98.86,87.30,73.61,49.13,0.18,100
2208,7,98.86,87.30,77.25,47.05,0.17,100
2217,7,98.86,87.30,80.11,59.16,0.17,100
2227,7,98.86,87.30,79.27,51.71,0.18,100
2237,8,98.86,87.30,79.77,61.15,0.18,100
2247,8,98.86,87.30,80.91,59.13,0.18,100
2256,8,98.86,87.30,82.91,51.77,0.18,100
2265,8,98.86,87.30,77.53,54.39,0.18,100
2275,8,98.86,87.30,80.50,50.74,0.18,100
2284,8,98.86,87.30,84.19,50.71,0.18,100
2293,8,98.86,87.30,86.19,56.44,0.18,100
2303,8,98.86,87.30,79.37,45.61,0.18,100
2313,8,98.86,87.30,82.19,59.19,0.18,100
2322,8,98.86,87.30,88.14,59.75,0.18,100
2331,8,98.86,87.30,87.60,56.92,0.18,100
2341,8,98.86,87.30,92.91,64.35,0.18,100
2351,8,98.86,87.30,94.25,60.12,0.18,100
2361,8,98.86,87.30,90.41,61.54,0.18,100
2371,8,98.86,87.30,87.65,50.09,0.17,100
2381,8,98.86,87.30,89.12,49.60,0.17,100
2391,8,98.86,87.30,87.58,63.54,0.17,100
2401,8,98.86,88.70,85.22,53.73,0.17,100
2411,8,98.86,88.70,94.78,51.03,0.17,100
2421,8,98.86,88.70,90.58,45.74,0.17,100
2431,8,99.42,88.70,97.41,61.55,0.17,100
2441,8,99.42,88.70,93.01,49.70,0.17,100
2451,8,100.55,88.70,94.68,55.20,0.17,100
2461,8,100.55,88.70,93.35,56.98,0.17,100
2470,9,100.55,88.70,91.75,48.07,0.17,100
2480,9,100.55,88.70,91.97,52.82,0.17,100
2490,9,100.55,88.70,90.04,54.86,0.17,100
2500,9,100.55,88.70,88.50,65.55,0.17,100
2510,9,100.55,88.70,86.22,57.64,0.17,100
2520,9,100.55,88.70,89.24,57.47,0.17,100
2530,9,100.55,88.70,89.64,57.00,0.17,100
2539,9,100.55,88.70,93.24,64.08,0.17,100
2549,9,100.55,88.70,90.37,60.86,0.17,100
2559,9,100.67,88.70,86.53,56.73,0.17,100
2568,9,100.67,88.70,92.87,58.21,0.17,100
2577,9,100.67,88.70,88.15,56.94,0.17,100
2586,9,100.67,88.70,85.20,58.97,0.17,100
2596,9,100.67,88.70,89.20,55.86,0.17,100
2606,9,100.67,88.70,87.36,43.32,0.17,100
2616,9,100.67,88.70,95.54,61.12,0.17,100
2625,9,101.36,88.70,91.00,61.82,0.17,100
2634,9,101.36,95.24,92.37,51.75,0.17,100
2644,9,101.36,95.24,94.89,45.30,0.17,100
2653,9,101.36,95.24,91.38,57.79,0.17,100
2662,9,101.36,95.24,87.86,55.25,0.17,100
2672,9,101.36,95.24,94.45,53.53,0.17,100
2682,9,101.36,95.24,92.64,57.39,0.17,100
2692,9,101.36,95.24,86.60,67.14,0.17,100
2701,10,101.36,95.24,91.24,57.23,0.17,100
2711,10,101.36,95.24,88.94,49.81,0.17,100
2720,10,101.36,95.24,91.58,54.12,0.17,100
2729,10,101.36,95.24,92.06,48.19,0.17,100
2739,10,101.36,95.24,89.28,58.36,0.17,100
2749,10,101.36,95.24,81.57,48.81,0.17,100
2758,10,101.36,95.24,85.21,50.27,0.17,100
2767,10,101.36,95.24,84.54,50.15,0.17,100
2776,10,101.36,95.24,91.20,49.29,0.17,100
2786,10,101.36,95.24,90.18,50.99,0.17,100
2795,10,101.36,95.24,87.52,46.04,0.17,100
2804,10,101.36,95.24,84.77,57.38,0.17,100
2813,10,101.36,95.24,89.76,60.25,0.17,100
2823,10,101.36,95.24,90.87,69.25,0.17,100
2833,10,101.36,95.24,87.79,57.88,0.17,100
2842,10,101.36,95.24,93.83,67.47,0.17,100
2851,10,101.36,95.24,94.55,70.89,0.17,100
2861,10,101.36,95.24,90.32,59.57,0.17,100
2870,10,101.36,95.24,93.24,57.50,0.17,100
2880,10,101.36,95.24,90.25,59.08,0.17,100
2889,10,101.36,95.24,87.20,45.37,0.17,100
2898,10,101.36,95.24,87.97,50.71,0.17,100
2908,10,101.36,95.24,90.25,51.79,0.17,100
2918,10,101.36,95.24,87.61,46.94,0.17,100
2928,10,101.36,95.24,90.38,55.25,0.17,100
2937,11,101.36,95.24,89.36,62.44,0.17,100
2947,11,101.36,95.24,95.57,63.01,0.17,100
2957,11,101.36,95.24,92.86,65.68,0.17,100
2967,11,101.36,95.24,95.84,63.21,0.17,100
2977,11,102.93,95.24,96.76,55.85,0.17,100
2986,11,104.13,95.24,99.40,69.72,0.17,100
2996,11,104.13,95.24,92.70,60.11,0.17,100
3006,11,104.13,96.21,98.30,69.54,0.17,100
3016,11,104.13,96.21,94.71,72.35,0.17,100
3026,11,104.13,96.21,98.39,67.60,0.17,100
3035,11,104.13,96.21,96.00,66.30,0.17,100
3044,11,104.13,96.21,98.92,72.72,0.17,100
3053,11,104.13,96.21,100.87,74.07,0.17,100
3063,11,104.38,97.28,100.48,78.70,0.17,100
3073,11,104.38,97.28,99.71,56.85,0.17,100
3083,11,105.66,97.28,104.23,58.82,0.17,100
3093,11,105.66,97.28,96.15,70.63,0.17,100
3102,11,105.66,97.28,92.02,61.77,0.17,100
3112,11,105.66,97.28,95.17,64.01,0.17,100
3122,11,105.66,97.28,96.88,57.81,0.17,100
3132,11,105.66,97.28,88.81,63.99,0.17,100
3142,11,105.66,97.28,92.05,59.22,0.17,100
3152,11,105.66,97.28,94.97,65.86,0.17,100
3162,11,105.66,97.28,96.00,66.95,0.17,100
3172,12,105.66,97.28,91.04,69.49,0.17,100
3182,12,105.66,97.28,94.13,68.40,0.17,100
3192,12,105.66,97.28,88.32,64.16,0.17,100
3202,12,105.66,97.28,91.11,63.54,0.17,100
3212,12,105.66,97.28,93.75,67.95,0.17,100
3222,12,105.66,97.28,98.97,55.42,0.17,100
3232,12,105.66,97.28,97.28,58.06,0.17,100
3242,12,105.66,97.28,93.91,65.34,0.17,100
3252,12,105.66,97.28,95.51,55.37,0.17,100
3262,12,105.66,97.28,95.44,68.70,0.17,100
3273,12,105.66,97.28,95.85,67.90,0.17,100
3283,12,105.66,97.28,90.53,68.13,0.17,100
3293,12,105.66,97.28,90.94,64.17,0.17,100
3302,12,105.66,97.28,94.60,66.40,0.17,100
3312,12,105.66,97.28,93.81,71.83,0.17,100
3321,12,105.66,97.28,92.26,76.74,0.17,100
3331,12,105.66,97.28,98.60,78.53,0.17,100
3340,12,105.66,97.28,99.80,77.85,0.18,100
3350,12,105.66,98.59,98.65,70.84,0.18,100
3360,12,105.66,98.59,97.40,78.64,0.18,100
3369,12,105.66,98.59,98.41,71.26,0.18,100
3379,12,105.66,98.59,99.86,73.82,0.18,100
3389,12,105.66,98.59,97.61,76.29,0.18,100
3399,12,105.66,98.59,95.90,76.46,0.18,100
3409,13,105.66,98.59,101.80,72.74,0.18,100
3419,13,105.66,98.59,95.43,75.58,0.18,100
3429,13,105.66,98.59,97.41,70.87,0.17,100
3439,13,105.66,98.59,94.21,59.10,0.17,100
3448,13,105.66,98.59,97.85,52.79,0.17,100
3458,13,105.66,98.59,93.68,77.08,0.17,100
3468,13,105.66,98.59,92.62,66.19,0.17,100
3478,13,105.66,98.59,100.21,76.30,0.17,100
3488,13,105.66,98.59,96.62,66.76,0.17,100
3498,13,105.66,98.59,96.57,65.30,0.17,100
3508,13,105.66,98.59,97.72,62.77,0.17,100
3518,13,105.66,98.59,95.57,59.93,0.17,100
3527,13,105.66,98.59,90.00,66.84,0.17,100
3537,13,105.66,98.59,100.33,64.41,0.17,100
3548,13,105.66,98.59,91.81,55.13,0.17,100
3558,13,105.66,98.59,87.65,60.58,0.17,100
3568,13,105.66,98.59,94.80,68.86,0.17,100
3578,13,105.66,98.59,96.72,69.35,0.17,100
3587,13,105.66,98.59,98.45,72.22,0.17,100
3597,13,105.66,98.59,99.72,64.46,0.17,100
3607,13,105.66,98.59,98.57,79.24,0.17,100
3617,13,105.66,98.59,95.81,70.84,0.17,100
3627,13,105.66,98.59,97.88,75.51,0.17,100
3637,13,105.66,98.59,94.08,73.08,0.17,100
3647,14,105.66,98.59,93.70,66.75,0.17,100
3657,14,105.66,98.59,95.32,71.21,0.17,100
3666,14,105.66,98.59,99.57,71.08,0.17,100
3676,14,105.66,98.59,95.29,69.43,0.17,100
3686,14,105.66,98.59,93.12,66.05,0.17,100
3696,14,105.66,98.59,90.46,75.16,0.17,100
3706,14,105.66,98.59,94.94,68.94,0.17,100
3716,14,105.66,98.59,98.64,69.40,0.17,100
3727,14,105.66,98.59,92.25,72.88,0.17,100
3737,14,105.66,98.59,95.75,69.78,0.17,100
3747,14,105.66,98.59,95.01,72.92,0.17,100
3757,14,105.66,98.59,96.69,66.02,0.17,100
3767,14,105.66,98.59,101.19,74.11,0.17,100
3777,14,105.66,98.59,99.44,74.77,0.17,100
3787,14,105.71,99.41,100.46,77.47,0.17,100
3797,14,108.02,99.41,108.02,70.97,0.17,100
3807,14,108.02,99.41,97.19,76.38,0.17,100
3817,14,108.02,99.41,100.22,77.57,0.17,100
3826,14,108.02,99.41,101.13,68.66,0.17,100
3836,14,108.02,99.41,100.19,61.62,0.17,100
3846,14,108.02,99.41,99.64,64.00,0.17,100
3856,14,108.02,99.41,99.52,72.71,0.17,100
3866,14,108.02,99.41,100.90,66.22,0.17,100
3876,15,108.02,99.41,98.34,70.23,0.17,100
3886,15,108.02,99.41,97.09,68.53,0.17,100
3896,15,108.02,99.41,94.59,64.36,0.17,100
3906,15,108.02,99.41,104.49,61.02,0.17,100
3915,15,108.02,99.41,103.12,67.37,0.17,100
3925,15,108.02,99.41,100.45,69.33,0.17,100
3935,15,109.78,99.41,109.78,67.29,0.17,100
3945,15,109.78,99.41,100.60,78.27,0.17,100
3955,15,109.78,99.54,105.32,84.36,0.17,100
3965,15,109.78,99.54,105.92,76.86,0.17,100
3974,15,109.78,99.54,103.97,72.22,0.17,100
3983,15,109.78,99.54,101.81,74.43,0.17,100
3993,15,109.78,99.54,105.26,73.36,0.17,100
4003,15,109.78,99.54,102.62,57.78,0.17,100
4013,15,109.78,99.54,102.87,67.64,0.17,100
4023,15,109.78,99.54,102.63,82.20,0.17,100
4034,15,109.78,99.54,104.86,75.16,0.17,100
4044,15,109.78,99.54,101.27,69.94,0.17,100
4054,15,109.78,99.54,98.71,64.33,0.17,100
4063,15,109.78,99.54,101.25,62.68,0.17,100
4073,15,109.78,100.69,99.01,78.52,0.17,100
4083,15,109.78,100.69,97.09,75.43,0.17,100
4093,15,109.78,100.69,97.45,70.30,0.17,100
4103,15,109.78,100.69,100.25,78.48,0.17,100
4113,16,109.78,100.69,101.02,71.37,0.17,100
4123,16,109.78,100.69,96.30,70.39,0.17,100
4133,16,109.78,100.69,96.23,77.11,0.17,100
4143,16,109.78,100.69,100.93,57.36,0.17,100
4153,16,109.78,100.69,106.67,67.14,0.17,100
4163,16,109.78,100.69,105.71,70.52,0.17,100
4173,16,109.78,100.69,99.46,62.23,0.17,100
4183,16,109.78,100.69,101.68,67.98,0.17,100
4193,16,109.78,100.69,101.53,61.43,0.17,100
4203,16,109.78,100.69,100.15,71.17,0.17,100
4213,16,109.78,100.69,95.18,73.02,0.17,100
4223,16,109.78,100.69,97.23,75.41,0.17,100
4233,16,109.78,100.69,98.51,69.99,0.17,100
4243,16,109.78,100.69,97.72,74.44,0.17,100
4253,16,109.78,100.69,98.06,76.27,0.17,100
4263,16,109.78,100.69,96.92,75.84,0.17,100
4272,16,109.78,100.69,95.41,72.95,0.17,100
4281,16,109.78,100.69,96.84,70.59,0.17,100
4291,16,109.78,100.69,99.64,76.08,0.17,100
4301,16,109.78,100.69,101.29,85.27,0.17,100
4311,16,109.78,100.69,96.11,75.50,0.17,100
4321,16,109.78,100.69,96.87,74.90,0.17,100
4331,16,109.78,100.69,92.68,72.84,0.17,100
4341,16,109.78,100.69,87.01,63.92,0.17,100
4351,17,109.78,100.69,98.57,68.92,0.17,100
4361,17,109.78,100.69,99.61,64.36,0.17,100
4370,17,109.78,100.69,99.61,71.64,0.17,100
4380,17,109.78,100.69,100.06,78.04,0.17,100
4390,17,109.78,100.69,99.11,65.43,0.17,100
4400,17,109.78,100.69,100.97,72.67,0.17,100
4410,17,109.78,100.69,97.61,55.85,0.17,100
4420,17,109.78,100.69,95.86,63.25,0.17,100
4430,17,109.78,100.69,89.07,57.45,0.17,100
4440,17,109.78,100.69,98.12,63.79,0.17,100
4450,17,109.78,100.69,93.81,53.32,0.17,100
4459,17,109.78,100.69,92.86,59.08,0.17,100
4469,17,109.78,100.69,94.35,61.68,0.17,100
4479,17,109.78,100.69,91.33,55.59,0.17,100
4489,17,109.78,100.69,92.31,61.81,0.17,100
4499,17,109.78,100.69,90.49,64.31,0.17,100
4509,17,109.78,100.69,91.10,61.64,0.17,100
4519,17,109.78,100.69,85.60,59.04,0.17,100
4529,17,109.78,100.69,91.31,55.59,0.17,100
4539,17,109.78,100.69,95.77,45.42,0.17,100
4549,17,109.78,100.69,86.78,42.78,0.17,100
4559,17,109.78,100.69,89.87,50.17,0.17,100
4569,17,109.78,100.69,77.39,44.18,0.17,100
4579,18,109.78,100.69,81.06,41.45,0.17,100
4590,18,109.78,100.69,76.82,43.51,0.17,100
4600,18,109.78,100.69,76.74,40.43,0.17,100
4610,18,109.78,100.69,76.92,45.02,0.17,100
4620,18,109.78,100.69,78.19,38.21,0.17,100
4630,18,109.78,100.69,79.28,44.43,0.17,100
4640,18,109.78,100.69,88.33,51.74,0.17,100
4650,18,109.78,100.69,82.24,45.92,0.17,100
4660,18,109.78,100.69,81.29,47.66,0.17,100
4670,18,109.78,100.69,91.06,58.36,0.17,100
4680,18,109.78,100.69,92.39,50.10,0.17,100
4690,18,109.78,100.69,97.66,46.50,0.17,100
4700,18,109.78,100.69,89.04,47.73,0.17,100
4710,18,109.78,100.69,84.07,47.90,0.18,100
4720,18,109.78,100.69,90.79,38.25,0.18,100
4730,18,109.78,100.69,86.49,37.06,0.18,100
4740,18,109.78,100.69,84.19,35.00,0.18,100
4749,18,109.78,100.69,80.87,34.58,0.18,100
4759,18,109.78,100.69,84.88,31.81,0.18,100
4769,18,109.78,100.69,64.32,34.39,0.18,100
4779,18,109.78,100.69,80.05,39.62,0.18,100
4788,18,109.78,100.69,74.69,44.65,0.18,100
4798,18,109.78,100.69,83.57,33.60,0.18,100
4808,18,109.78,100.69,89.61,47.05,0.18,100
4818,19,109.78,100.69,74.75,42.36,0.18,100
4828,19,109.78,100.69,86.06,45.41,0.18,100
4838,19,109.78,100.69,73.29,40.82,0.18,100
4848,19,109.78,100.69,70.10,41.08,0.18,100
4858,19,109.78,100.69,77.57,38.24,0.18,100
4868,19,109.78,100.69,69.49,42.92,0.18,100
4878,19,109.78,100.69,76.81,43.09,0.18,100
4889,19,109.78,100.69,76.26,41.24,0.18,100
4899,19,109.78,100.69,76.44,45.97,0.18,100
4909,19,109.78,100.69,70.59,45.11,0.18,100
4918,19,109.78,100.69,78.30,53.18,0.18,100
4928,19,109.78,100.69,77.84,53.35,0.18,100
4938,19,109.78,100.69,76.03,51.26,0.18,100
4948,19,109.78,100.69,74.54,53.97,0.18,100
4958,19,109.78,100.69,80.53,50.96,0.18,100
4968,19,109.78,100.69,79.98,59.32,0.18,100
4978,19,109.78,100.69,78.33,46.89,0.17,100
4988,19,109.78,100.69,78.51,43.69,0.17,100
4998,19,109.78,100.69,82.43,51.94,0.17,100
5008,19,109.78,100.69,78.29,53.25,0.17,100
5018,19,109.78,100.69,80.66,44.92,0.18,100
5028,19,109.78,100.69,75.71,51.88,0.18,100
5038,19,109.78,100.69,76.09,52.73,0.17,100
5048,20,109.78,100.69,85.78,45.33,0.18,100
5058,20,109.78,100.69,81.71,40.52,0.18,100
5068,20,109.78,100.69,81.44,36.99,0.18,100
5078,20,109.78,100.69,72.22,33.94,0.18,100
5088,20,109.78,100.69,72.45,37.31,0.18,100
5098,20,109.78,100.69,74.63,35.30,0.18,100
5108,20,109.78,100.69,80.72,22.91,0.18,100
5118,20,109.78,100.69,65.97,29.76,0.18,100
5128,20,109.78,100.69,68.46,33.93,0.18,100
5137,20,109.78,100.69,70.56,34.83,0.18,100
5147,20,109.78,100.69,59.84,33.41,0.18,100
5157,20,109.78,100.69,70.83,37.87,0.18,100
5167,20,109.78,100.69,66.45,37.74,0.18,100
5177,20,109.78,100.69,68.22,42.14,0.18,100
5187,20,109.78,100.69,74.79,42.26,0.18,100
5196,20,109.78,100.69,76.74,39.08,0.18,100
5206,20,109.78,100.69,72.53,38.92,0.18,100
5216,20,109.78,100.69,71.63,42.59,0.18,100
5225,20,109.78,100.69,73.06,36.95,0.17,100
5235,20,109.78,100.69,68.28,38.11,0.17,100
5245,20,109.78,100.69,66.51,33.98,0.18,100
5255,20,109.78,100.69,73.48,45.75,0.18,100
5265,20,109.78,100.69,70.89,39.24,0.18,100
5275,20,109.78,100.69,79.54,39.85,0.18,100
5284,21,109.78,100.69,71.68,38.99,0.18,100
5294,21,109.78,100.69,74.37,43.40,0.18,100
5304,21,109.78,100.69,79.10,41.83,0.18,100
5314,21,109.78,100.69,73.35,50.92,0.18,100
5323,21,109.78,100.69,69.96,41.66,0.18,100
5333,21,109.78,100.69,79.92,47.45,0.18,100
5343,21,109.78,100.69,74.93,40.52,0.18,100
5353,21,109.78,100.69,68.48,44.71,0.18,100
5363,21,109.78,100.69,74.74,45.51,0.18,100
5373,21,109.78,100.69,66.93,35.78,0.18,100
5383,21,109.78,100.69,70.21,44.24,0.18,100
5393,21,109.78,100.69,70.82,45.66,0.18,100
5403,21,109.78,100.69,75.34,49.89,0.18,100
5413,21,109.78,100.69,72.29,49.97,0.18,100
5423,21,109.78,100.69,73.39,45.70,0.18,100
5433,21,109.78,100.69,72.72,46.24,0.18,100
5443,21,109.78,100.69,79.68,52.66,0.18,100
5452,21,109.78,100.69,81.21,45.17,0.18,100
5462,21,109.78,100.69,74.87,37.80,0.18,100
5472,21,109.78,100.69,83.66,47.74,0.18,100
5481,21,109.78,100.69,79.79,44.64,0.18,100
5491,21,109.78,100.69,78.30,45.06,0.18,100
5501,21,109.78,100.69,85.44,38.62,0.18,100
5510,21,109.78,100.69,81.79,45.67,0.18,100
5520,22,109.78,100.69,78.48,58.14,0.18,100
5530,22,109.78,100.69,74.03,42.67,0.18,100
5540,22,109.78,100.69,67.85,32.94,0.18,100
5550,22,109.78,100.69,75.92,39.70,0.18,100
5560,22,109.78,100.69,70.40,38.64,0.18,100
5570,22,109.78,100.69,76.56,47.43,0.18,100
5580,22,109.78,100.69,77.81,45.71,0.18,100
5589,22,109.78,100.69,72.46,50.59,0.18,100
5599,22,109.78,100.69,76.72,48.26,0.18,100
5609,22,109.78,100.69,78.25,46.05,0.18,100
5619,22,109.78,100.69,76.23,51.18,0.18,100
5629,22,109.78,100.69,79.16,52.00,0.18,100
5639,22,109.78,100.69,74.79,52.06,0.18,100
5649,22,109.78,100.69,69.43,48.57,0.18,100
5659,22,109.78,100.69,69.69,45.73,0.18,100
5669,22,109.78,100.69,75.25,46.61,0.18,100
5679,22,109.78,100.69,80.97,54.55,0.18,100
5689,22,109.78,100.69,80.92,49.99,0.18,100
5699,22,109.78,100.69,79.13,54.09,0.18,100
5709,22,109.78,100.69,79.77,51.15,0.18,100
5719,22,109.78,100.69,78.68,44.65,0.18,100
5729,22,109.78,100.69,77.33,50.69,0.18,100
5739,22,109.78,100.69,84.73,55.13,0.18,100
5749,23,109.78,100.69,83.63,55.14,0.18,100
5759,23,109.78,100.69,83.51,54.93,0.18,100
5769,23,109.78,100.69,83.41,53.51,0.18,100
5779,23,109.78,100.69,84.51,54.23,0.18,100
5789,23,109.78,100.69,88.07,57.68,0.18,100
5799,23,109.78,100.69,84.97,45.11,0.18,100
5809,23,109.78,100.69,83.52,57.55,0.18,100
5819,23,109.78,100.69,80.47,49.96,0.18,100
5829,23,109.78,100.69,81.36,51.03,0.18,100
5839,23,109.78,100.69,84.85,57.89,0.18,100
5849,23,109.78,100.69,88.01,55.72,0.18,100
5859,23,109.78,100.69,88.04,59.46,0.18,100
5869,23,109.78,100.69,88.53,59.90,0.18,100
5878,23,109.78,100.69,86.01,58.31,0.18,100
5888,23,109.78,100.69,85.10,55.65,0.18,100
5898,23,109.78,100.69,93.18,52.00,0.18,100
5908,23,109.78,100.69,86.52,47.54,0.18,100
5917,23,109.78,100.69,90.80,63.20,0.18,100
5927,23,109.78,100.69,87.75,54.94,0.18,100
5937,23,109.78,100.69,91.83,47.79,0.18,100
5947,23,109.78,100.69,88.08,61.88,0.18,100
5958,23,109.78,100.69,90.23,57.05,0.18,100
5968,23,109.78,100.69,78.57,49.88,0.18,100
5978,23,109.78,100.69,86.24,65.69,0.18,100
5988,24,109.78,100.69,92.38,63.31,0.18,100
5998,24,109.78,100.69,89.68,71.28,0.18,100
6008,24,109.78,100.69,95.47,71.17,0.18,100
6018,24,109.78,100.69,86.50,69.20,0.18,100
6028,24,109.78,100.69,94.67,78.32,0.18,100
6038,24,109.78,100.69,99.43,76.64,0.18,100
6048,24,109.78,100.69,91.35,72.14,0.18,100
6057,24,109.78,100.69,103.83,80.20,0.18,100
6067,24,109.78,100.69,96.95,77.71,0.18,100
6077,24,109.78,100.69,101.84,77.30,0.18,100
6087,24,109.78,100.98,108.48,79.36,0.18,100
6097,24,109.78,100.98,103.50,78.04,0.18,100
6107,24,109.78,100.98,95.96,65.93,0.18,100
6117,24,109.78,100.98,102.88,61.44,0.18,100
6127,24,109.78,100.98,97.94,75.50,0.18,100
6137,24,110.24,100.98,110.24,70.98,0.17,100
6147,24,113.78,100.98,102.98,75.10,0.17,100
6157,24,113.78,100.98,106.90,79.97,0.17,100
6167,24,113.78,100.98,97.80,73.63,0.17,100
6177,24,113.78,100.98,100.53,69.74,0.17,100
6187,24,113.78,100.98,104.28,67.27,0.17,100
6197,24,113.78,100.98,96.38,58.24,0.17,100
6207,24,113.78,100.98,94.64,59.28,0.18,100
6216,25,113.78,100.98,94.73,55.00,0.18,100
6226,25,113.78,100.98,96.74,61.80,0.18,100
6236,25,113.78,100.98,94.16,63.24,0.18,100
6246,25,113.78,100.98,97.59,64.37,0.18,100
6256,25,113.78,100.98,97.02,69.20,0.18,100
6266,25,113.78,100.98,99.78,67.05,0.18,100
6276,25,113.78,100.98,99.69,59.11,0.18,100
6286,25,113.78,100.98,91.81,68.37,0.18,100
6296,25,113.78,100.98,97.85,64.85,0.18,100
6306,25,113.78,100.98,101.24,57.81,0.18,100
6316,25,113.78,100.98,91.71,63.76,0.18,100
6326,25,113.78,100.98,92.30,61.55,0.17,100
6336,25,113.78,100.98,93.64,61.11,0.17,100
6346,25,113.78,100.98,94.11,63.35,0.17,100
6355,25,113.78,100.98,94.74,61.79,0.18,100
6365,25,113.78,100.98,93.16,46.14,0.18,100
6374,25,113.78,100.98,88.87,54.62,0.17,100
6383,25,113.78,100.98,89.33,52.89,0.17,100
6391,25,113.78,100.98,87.17,56.41,0.18,100
6399,25,113.78,100.98,98.34,56.41,0.18,100
6407,25,113.78,100.98,94.25,58.99,0.17,100
6416,25,113.78,100.98,94.55,69.19,0.17,100
6424,25,113.78,100.98,94.40,76.51,0.18,100
6432,25,113.78,100.98,96.99,73.06,0.18,100
6440,25,113.78,100.98,97.54,75.08,0.17,100
6449,26,113.78,100.98,94.39,73.68,0.17,100
6457,26,113.78,100.98,100.82,65.01,0.17,100
6465,26,113.78,100.98,98.84,70.17,0.17,100
6474,26,113.78,100.98,99.43,62.59,0.17,100
6482,26,113.78,100.98,98.73,71.93,0.17,100
6489,26,113.78,100.98,98.51,60.48,0.17,100
6496,26,113.78,100.98,95.06,73.51,0.17,100
6503,26,113.78,100.98,92.71,65.38,0.17,100
6510,26,113.78,100.98,96.93,68.52,0.17,100
6516,26,113.78,100.98,99.24,69.88,0.17,100
6521,26,113.78,100.98,88.75,72.05,0.17,100
6526,26,113.78,100.98,89.43,64.01,0.17,100
6530,26,113.78,100.98,94.32,69.17,0.17,100
6535,26,113.78,100.98,92.82,70.03,0.17,100
6539,26,113.78,100.98,90.48,65.08,0.17,100
6543,26,113.78,100.98,96.99,66.56,0.17,100
6548,26,113.78,100.98,92.78,63.85,0.17,100
6552,26,113.78,100.98,99.00,71.75,0.17,100
6556,26,113.78,100.98,105.20,69.60,0.17,100
6560,26,113.78,100.98,97.68,75.19,0.17,100
6564,26,113.78,100.98,102.39,73.44,0.17,100
6568,26,113.78,100.98,91.72,62.29,0.17,100
6572,26,113.78,100.98,99.76,63.83,0.17,100
6576,26,113.78,100.98,98.75,60.92,0.17,100
6580,26,113.78,100.98,92.46,64.45,0.17,100
6584,26,113.78,100.98,101.69,64.72,0.17,100
6588,26,113.78,100.98,102.72,62.76,0.17,100
6592,26,113.78,100.98,108.67,69.16,0.17,100
6596,26,113.78,100.98,101.00,70.95,0.17,100
6600,26,113.78,100.98,95.26,71.78,0.17,100
6604,26,113.78,100.98,107.64,69.66,0.17,100
6608,26,113.78,100.98,92.71,71.91,0.17,100
6612,26,113.78,100.98,93.00,59.76,0.17,100
6616,26,113.78,100.98,96.81,57.38,0.17,100
6621,26,113.78,100.98,89.02,64.28,0.17,100
6625,26,113.78,100.98,89.04,61.46,0.17,100
6630,26,113.78,100.98,90.06,67.32,0.17,100
6634,26,113.78,100.98,87.38,54.36,0.17,100
6639,26,113.78,100.98,91.74,58.85,0.17,100
6643,26,113.78,100.98,89.36,50.85,0.17,100
6647,26,113.78,100.98,95.93,52.94,0.17,100
6651,26,113.78,100.98,91.82,60.04,0.17,100
6655,26,113.78,100.98,97.30,67.01,0.17,100
6659,26,113.78,100.98,99.99,63.76,0.17,100
6663,26,113.78,100.98,92.77,57.08,0.17,100
6667,26,113.78,100.98,101.68,68.36,0.17,100
6671,26,113.78,100.98,89.05,60.63,0.17,100
6675,26,113.78,100.98,92.03,56.17,0.17,100
6679,27,113.78,100.98,99.98,61.18,0.17,100
6684,27,113.78,100.98,100.84,66.32,0.17,100
6688,27,113.78,100.98,92.25,61.87,0.17,100
6692,27,113.78,100.98,91.45,61.98,0.17,100
6696,27,113.78,100.98,88.59,67.24,0.17,100
6700,27,113.78,100.98,90.55,67.06,0.17,100
6705,27,113.78,100.98,93.47,68.70,0.17,100
6709,27,113.78,100.98,94.06,71.43,0.17,100
6714,27,113.78,100.98,97.35,72.04,0.17,100
6718,27,113.78,100.98,89.88,73.57,0.17,100
6722,27,113.78,100.98,87.61,69.49,0.17,100
6727,27,113.78,100.98,96.98,75.97,0.17,100
6731,27,113.78,100.98,90.86,70.66,0.17,100
6736,27,113.78,100.98,89.56,60.19,0.17,100
6740,27,113.78,100.98,91.93,72.72,0.17,100
6745,27,113.78,100.98,99.29,73.68,0.17,100
6749,27,113.78,100.98,94.24,71.53,0.17,100
6753,27,113.78,100.98,95.39,73.90,0.17,100
6757,27,113.78,100.98,92.91,64.87,0.17,100
6761,27,113.78,100.98,96.65,76.21,0.17,100
6765,27,113.78,100.98,90.83,70.40,0.17,100
6769,27,113.78,100.98,93.78,72.91,0.17,100
6773,27,113.78,100.98,91.41,71.04,0.17,100
6777,27,113.78,100.98,96.60,64.44,0.17,100
6781,27,113.78,100.98,99.91,73.31,0.17,100
6786,27,113.78,100.98,96.21,73.18,0.17,100
6790,27,113.78,100.98,98.18,61.69,0.18,100
6794,27,113.78,100.98,106.50,70.51,0.18,100
6799,27,113.78,100.98,96.71,73.28,0.18,100
6804,27,113.78,100.98,95.14,71.81,0.18,100
6808,27,113.78,100.98,95.27,70.93,0.18,100
6812,27,113.78,100.98,97.60,70.46,0.18,100
6817,27,113.78,100.98,96.50,71.12,0.18,100
6821,27,113.78,100.98,90.30,65.56,0.18,100
6825,27,113.78,100.98,88.04,55.70,0.18,100
6830,27,113.78,100.98,90.65,59.16,0.18,100
6834,27,113.78,100.98,90.77,67.99,0.18,100
6838,27,113.78,100.98,94.00,70.19,0.18,100
6842,27,113.78,100.98,92.45,64.06,0.18,100
6846,27,113.78,100.98,96.85,67.96,0.18,100
6850,27,113.78,100.98,98.97,76.89,0.18,100
6855,27,113.78,100.98,90.16,72.46,0.18,100
6860,27,113.78,100.98,94.81,70.30,0.18,100
6864,27,113.78,100.98,95.66,69.71,0.18,100
6868,27,113.78,100.98,99.13,70.89,0.18,100
6873,27,113.78,100.98,94.44,75.48,0.18,100
6877,27,113.78,100.98,90.47,69.45,0.18,100
6881,27,113.78,100.98,96.75,76.18,0.18,100
6885,27,113.78,100.98,96.97,70.40,0.18,100
6890,27,113.78,100.98,99.78,65.16,0.18,100
6894,27,113.78,100.98,96.29,66.21,0.18,100
6898,27,113.78,100.98,94.51,68.36,0.18,100
6902,27,113.78,100.98,96.39,66.52,0.18,100
6906,27,113.78,100.98,90.19,60.10,0.18,100
6910,27,113.78,100.98,103.68,60.05,0.18,100
6914,28,113.78,100.98,100.47,70.26,0.18,100
6919,28,113.78,100.98,94.23,72.92,0.18,100
6924,28,113.78,100.98,96.17,62.37,0.18,100
6928,28,113.78,100.98,95.47,74.53,0.18,100
6933,28,113.78,100.98,96.85,72.82,0.18,100
6937,28,113.78,100.98,96.15,71.00,0.18,100
6942,28,113.78,100.98,99.97,71.54,0.18,100
6947,28,113.78,100.98,97.97,68.05,0.18,100
6952,28,113.78,100.98,100.20,67.22,0.18,100
6956,28,113.78,100.98,104.67,64.30,0.18,100
6961,28,113.78,100.98,102.52,73.27,0.18,100
6966,28,113.78,100.98,103.97,77.99,0.18,100
6971,28,113.78,100.98,98.38,71.87,0.18,100
6976,28,113.78,100.98,101.57,72.64,0.18,100
6980,28,113.78,100.98,98.56,63.42,0.18,100
6984,28,113.78,100.98,96.99,68.28,0.18,100
6989,28,113.78,100.98,95.89,64.08,0.18,100
6994,28,113.78,100.98,99.33,66.80,0.18,100
6999,28,113.78,100.98,96.86,69.46,0.18,100
7003,28,113.78,100.98,95.71,68.97,0.18,100
7007,28,113.78,100.98,99.12,71.62,0.18,100
7011,28,113.78,100.98,99.70,62.67,0.18,100
7016,28,113.78,100.98,97.73,69.63,0.18,100
7020,28,113.78,100.98,97.57,64.57,0.18,100
7024,28,113.78,100.98,95.76,59.96,0.18,100
7028,28,113.78,100.98,99.73,60.02,0.18,100
7033,28,113.78,100.98,109.43,56.64,0.18,100
7038,28,113.78,100.98,93.66,65.91,0.18,100
7042,28,113.78,100.98,100.53,64.14,0.18,100
7047,28,113.78,100.98,97.78,70.55,0.18,100
7051,28,113.78,100.98,94.03,56.28,0.18,100
7055,28,113.78,100.98,100.41,60.48,0.18,100
7060,28,113.78,100.98,100.91,68.29,0.18,100
7065,28,113.78,100.98,99.06,60.79,0.18,100
7070,28,113.78,100.98,101.02,68.56,0.18,100
7074,28,113.78,100.98,105.72,72.51,0.18,100
7078,28,113.78,100.98,100.30,66.57,0.18,100
7083,28,113.78,100.98,104.66,55.49,0.18,100
7088,28,113.78,100.98,94.73,62.45,0.18,100
7092,28,113.78,100.98,97.67,61.41,0.18,100
7096,28,113.78,100.98,103.23,75.07,0.18,100
7100,28,113.78,100.98,104.62,62.17,0.18,100
7105,28,113.78,100.98,102.68,57.59,0.18,100
7109,28,113.78,100.98,98.16,58.56,0.18,100
7114,28,113.78,100.98,96.84,50.86,0.18,100
7119,28,113.78,100.98,88.31,55.28,0.18,100
7124,28,113.78,100.98,103.51,56.59,0.18,100
7128,28,113.78,100.98,107.46,64.44,0.18,100
7133,28,113.78,100.98,91.38,46.98,0.18,100
7137,28,113.78,100.98,102.82,58.78,0.18,100
7142,28,113.78,100.98,102.87,62.48,0.18,100
7147,29,113.78,100.98,105.05,65.21,0.18,100
7152,29,113.78,100.98,106.57,70.61,0.18,100
7157,29,113.78,100.98,105.67,69.90,0.18,100
7161,29,113.78,100.98,111.58,69.52,0.18,100
7166,29,113.78,100.98,101.24,63.45,0.18,100
7170,29,113.78,100.98,106.08,69.74,0.18,100
7175,29,116.07,100.98,100.03,66.84,0.18,100
7180,29,116.07,100.98,97.92,66.49,0.18,100
7184,29,116.07,100.98,104.90,61.19,0.18,100
7189,29,116.07,100.98,98.31,57.69,0.18,100
7194,29,116.07,100.98,114.15,67.27,0.18,100
7199,29,116.07,100.98,103.06,57.45,0.18,100
7204,29,116.07,100.98,99.81,61.91,0.18,100
7209,29,116.07,100.98,105.90,73.49,0.18,100
7214,29,116.07,100.98,111.84,60.42,0.18,100
7219,29,125.41,100.98,114.69,67.02,0.18,100
7224,29,125.41,100.98,104.33,68.39,0.18,100
7228,29,125.41,100.98,98.26,70.00,0.18,100
7232,29,125.41,100.98,102.74,68.50,0.18,100
7237,29,125.41,100.98,103.50,73.01,0.18,100
7241,29,125.41,100.98,106.18,68.27,0.18,100
7246,29,125.41,100.98,108.83,75.14,0.18,100
7250,29,125.41,100.98,103.16,67.89,0.18,100
7254,29,125.41,100.98,120.32,69.88,0.18,100
7259,29,125.41,100.98,108.36,64.82,0.18,100
7264,29,125.41,100.98,105.78,69.48,0.18,100
7268,29,125.41,100.98,112.50,75.29,0.18,100
7273,29,125.41,100.98,96.68,67.52,0.18,100
7278,29,125.41,100.98,100.39,63.13,0.18,100
7283,29,125.41,100.98,97.97,72.86,0.18,100
7288,29,125.41,100.98,94.45,63.95,0.18,100
7293,29,125.41,100.98,92.80,59.81,0.18,100
7297,29,125.41,100.98,102.41,70.74,0.18,100
7302,29,125.41,100.98,114.90,69.43,0.18,100
7306,29,125.41,100.98,98.13,69.05,0.18,100
7311,29,125.41,100.98,106.88,70.89,0.18,100
7316,29,125.41,100.98,106.71,71.56,0.18,100
7321,29,125.41,100.98,109.71,77.93,0.18,100
7326,29,125.41,100.98,111.47,63.37,0.18,100
7330,29,125.41,100.98,110.32,79.01,0.18,100
7334,29,125.41,100.98,116.04,72.59,0.18,100
7339,29,125.41,103.80,112.06,72.85,0.18,100
7344,29,125.41,105.74,124.92,84.97,0.18,100
7349,29,125.41,106.85,117.72,80.75,0.18,100
7354,29,125.41,106.85,109.83,63.96,0.18,100
7358,29,125.41,106.85,123.65,76.02,0.18,100
7363,29,125.41,106.85,114.27,71.26,0.18,100
7368,29,126.84,106.85,115.25,71.64,0.18,100
7373,29,126.84,106.85,107.47,67.77,0.18,100
7378,30,126.84,106.85,114.49,67.73,0.18,100
7383,30,126.84,108.29,111.32,74.71,0.18,100
7388,30,126.84,108.29,118.52,76.27,0.18,100
7393,30,126.84,108.29,120.04,78.69,0.18,100
7398,30,126.84,108.29,118.52,70.65,0.18,100
7403,30,126.84,108.29,118.15,70.81,0.18,100
7408,30,126.84,108.29,110.32,75.32,0.18,100
7413,30,126.84,108.29,122.97,84.22,0.18,100
7418,30,126.84,108.29,111.29,74.88,0.18,100
7423,30,126.84,108.29,126.24,77.39,0.18,100
7428,30,126.84,108.29,114.06,75.22,0.18,100
7433,30,127.96,108.29,127.96,79.89,0.18,100
7438,30,127.96,108.29,117.77,77.26,0.18,100
7443,30,127.96,108.29,117.78,84.89,0.18,100
7448,30,127.96,108.29,118.53,70.86,0.18,100
7453,30,127.96,108.29,121.76,75.36,0.18,100
7458,30,127.96,108.29,114.91,74.72,0.18,100
7463,30,127.96,108.29,107.07,68.95,0.18,100
7467,30,127.96,108.29,114.96,70.23,0.18,100
7472,30,127.96,108.29,121.23,67.10,0.18,100
7477,30,127.96,109.72,114.93,76.70,0.18,100
7482,30,130.80,113.69,130.80,61.29,0.18,100
7487,30,130.80,113.69,129.00,77.41,0.18,100
7492,30,133.35,113.69,129.75,91.57,0.18,100
7497,30,133.35,113.69,120.75,74.05,0.17,100
7502,30,137.38,113.69,126.47,76.04,0.17,100
7507,30,137.38,113.69,113.28,69.18,0.17,100
7512,30,137.38,113.69,120.43,80.97,0.17,100
7517,30,137.38,113.69,122.38,70.42,0.17,100
7522,30,137.38,113.69,128.63,68.72,0.17,100
7527,30,137.38,113.69,123.54,79.28,0.17,100
7532,30,137.38,113.69,120.13,89.88,0.17,100
7537,30,137.38,113.69,115.32,81.65,0.17,100
7542,30,137.38,113.69,119.06,77.95,0.17,100
7546,30,137.38,119.35,128.03,79.99,0.17,100
7551,30,137.38,119.35,121.90,86.14,0.17,100
7556,30,137.38,119.35,123.99,79.50,0.17,100
7561,30,137.38,119.35,113.23,80.11,0.17,100
7566,30,137.38,119.35,124.53,80.52,0.17,100
7570,30,137.38,119.35,126.14,81.84,0.17,100
7575,30,143.05,119.35,130.69,76.15,0.17,100
7580,30,143.05,119.35,131.49,83.74,0.17,100
7584,30,143.05,119.35,122.90,77.40,0.17,100
7589,30,143.05,119.35,128.38,75.94,0.17,100
7594,30,143.05,119.35,120.51,81.61,0.18,100
7599,30,143.05,119.35,127.76,78.47,0.18,100
7604,30,143.05,119.35,121.53,71.00,0.18,100
7609,31,143.05,119.35,119.94,68.03,0.18,100
7614,31,143.05,119.35,124.44,69.67,0.18,100
7619,31,143.05,119.35,128.59,63.50,0.18,100
7624,31,143.05,119.35,124.39,69.04,0.18,100
7629,31,143.05,119.35,116.45,68.27,0.18,100
7634,31,143.05,119.35,118.37,70.97,0.18,100
7639,31,143.05,119.35,115.63,67.38,0.18,100
7644,31,143.05,119.35,115.67,66.36,0.18,100
7649,31,143.05,119.35,113.04,68.55,0.17,100
7654,31,143.05,119.35,101.63,54.33,0.17,100
7659,31,143.05,119.35,114.36,69.26,0.17,100
7664,31,143.05,119.35,112.25,59.23,0.17,100
7669,31,143.05,119.35,114.95,59.92,0.17,100
7674,31,143.05,119.35,107.72,67.39,0.17,100
7679,31,143.05,119.35,116.47,58.09,0.17,100
7684,31,143.05,119.35,119.29,68.86,0.17,100
7689,31,143.05,119.35,119.00,61.60,0.17,100
7694,31,143.05,119.35,123.42,70.57,0.17,100
7699,31,143.05,119.35,117.59,68.81,0.17,100
7704,31,143.05,119.35,110.20,67.53,0.17,100
7709,31,143.05,119.35,119.20,63.03,0.17,100
7714,31,143.05,119.35,106.67,54.50,0.17,100
7719,31,143.05,119.35,127.55,70.88,0.17,100
7724,31,143.05,119.35,112.98,65.26,0.17,100
7729,31,143.05,119.35,116.03,70.62,0.17,100
7734,31,143.05,119.35,120.93,63.52,0.17,100
7739,31,143.05,119.35,113.75,68.70,0.17,100
7744,31,143.05,119.35,120.05,81.41,0.17,100
7749,31,143.05,119.35,119.82,77.64,0.17,100
7754,31,143.05,119.35,123.78,82.43,0.17,100
7759,31,143.05,119.35,132.45,84.85,0.17,100
7764,31,143.05,119.35,124.07,79.18,0.17,100
7769,31,143.05,119.35,119.53,83.91,0.17,100
7774,31,143.05,119.35,115.07,69.42,0.17,100
7779,31,143.05,119.35,116.35,83.41,0.17,100
7784,31,143.05,119.35,118.72,74.38,0.17,100
7789,31,143.05,119.35,119.10,78.45,0.17,100
7794,31,143.05,119.35,119.09,82.31,0.17,100
7799,31,143.05,119.35,122.84,83.09,0.17,100
7804,31,143.05,119.35,120.32,81.08,0.17,100
7809,31,143.05,119.35,123.27,76.68,0.17,100
7814,31,143.05,119.35,122.96,81.43,0.17,100
7819,31,143.05,119.35,116.26,78.67,0.17,100
7824,31,143.05,119.35,125.32,86.54,0.17,100
7829,31,143.05,119.35,121.61,73.99,0.17,100
7834,31,143.05,119.35,125.18,73.76,0.17,100
7839,31,143.05,119.35,124.76,83.21,0.17,100
7844,32,143.05,119.35,129.53,76.44,0.17,100
7849,32,143.05,119.35,119.44,81.82,0.17,100
7854,32,143.05,119.35,116.94,80.98,0.17,100
7859,32,143.05,119.35,121.52,80.57,0.17,100
7864,32,143.05,119.35,123.46,86.39,0.17,100
7869,32,143.05,119.35,130.31,87.66,0.17,100
7874,32,143.05,119.35,136.10,82.66,0.17,100
7879,32,143.05,119.35,128.04,90.09,0.17,100
7884,32,143.05,119.35,135.66,85.07,0.17,100
7889,32,148.07,119.35,140.39,90.66,0.17,100
7894,32,148.07,119.87,135.33,86.05,0.17,100
7899,32,148.07,119.87,137.62,91.54,0.17,100
7904,32,148.07,119.87,131.16,87.72,0.17,100
7909,32,148.07,119.87,130.50,85.43,0.17,100
7914,32,148.07,119.87,129.22,87.14,0.17,100
7919,32,148.07,119.87,139.33,84.37,0.17,100
7924,32,148.07,119.87,142.06,86.73,0.17,100
7929,32,148.07,119.87,134.14,80.12,0.17,100
7934,32,148.07,121.17,127.06,88.24,0.17,100
7939,32,148.07,121.17,129.10,92.59,0.17,100
7944,32,148.07,121.17,128.93,78.19,0.17,100
7950,32,148.07,121.17,135.82,77.93,0.17,100
7955,32,148.07,121.17,111.63,76.33,0.17,100
7960,32,148.07,121.17,130.67,82.44,0.18,100
7965,32,148.07,121.17,124.15,80.53,0.18,100
7970,32,148.07,121.17,136.21,88.95,0.18,100
7975,32,148.07,122.50,136.43,87.11,0.18,100
7980,32,148.07,122.50,130.81,82.71,0.18,100
7985,32,148.07,122.50,128.54,83.57,0.18,100
7990,32,148.07,122.50,133.52,77.66,0.18,100
7995,32,148.07,122.50,122.37,78.83,0.18,100
8000,32,148.07,122.50,123.12,72.97,0.18,100
8005,32,148.07,122.50,120.79,79.72,0.18,100
8010,32,148.07,122.50,118.89,77.35,0.18,100
8015,32,148.07,122.50,131.55,82.30,0.18,100
8020,32,148.07,122.50,131.41,83.25,0.17,100
8025,32,148.07,122.50,127.08,77.55,0.17,100
8030,32,148.07,122.50,114.78,76.14,0.17,100
8035,32,148.07,122.50,117.29,80.70,0.17,100
8040,32,148.07,122.50,121.18,78.04,0.17,100
8045,32,148.07,122.50,133.02,72.03,0.17,100
8050,32,148.07,122.50,119.81,72.79,0.17,100
8055,32,148.07,122.50,111.04,73.44,0.17,100
8060,32,148.07,122.50,110.71,69.48,0.17,100
8065,32,148.07,122.50,100.29,73.60,0.17,100
8070,32,148.07,122.50,113.40,53.80,0.17,100
8075,33,148.07,122.50,114.64,65.18,0.17,100
8080,33,148.07,122.50,111.25,68.10,0.17,100
8085,33,148.07,122.50,119.42,67.04,0.17,100
8090,33,148.07,122.50,118.90,79.89,0.17,100
8095,33,148.07,122.50,124.22,80.06,0.17,100
8101,33,148.07,122.50,122.25,86.48,0.17,100
8106,33,148.07,122.50,119.84,80.11,0.17,100
8111,33,148.07,122.50,122.99,77.93,0.17,100
8116,33,148.07,122.50,114.16,85.34,0.17,100
8121,33,148.07,122.50,115.61,77.12,0.17,100
8126,33,148.07,122.50,131.85,87.89,0.17,100
8131,33,148.07,122.50,127.54,85.06,0.17,100
8137,33,148.07,122.50,122.54,89.08,0.17,100
8142,33,148.07,122.50,129.80,83.69,0.17,100
8147,33,148.07,122.50,117.58,77.79,0.17,100
8152,33,148.07,122.50,117.99,82.15,0.17,100
8157,33,148.07,122.50,130.18,77.81,0.17,100
8162,33,148.07,122.50,115.51,85.29,0.17,100
8167,33,148.07,122.50,112.66,79.19,0.18,100
8172,33,148.07,122.50,116.55,83.68,0.18,100
8177,33,148.07,122.50,111.87,78.12,0.18,100
8182,33,148.07,122.50,117.53,79.38,0.18,100
8187,33,148.07,122.50,118.21,73.21,0.18,100
8192,33,148.07,122.50,115.66,72.57,0.18,100
8197,33,148.07,122.50,137.14,78.23,0.18,100
8202,33,148.07,122.50,136.38,88.58,0.18,100
8207,33,148.07,122.50,117.16,71.59,0.18,100
8212,33,148.07,122.50,126.08,90.19,0.18,100
8217,33,148.07,122.50,129.47,76.70,0.18,100
8222,33,148.07,122.50,126.41,81.83,0.18,100
8227,33,148.07,122.50,123.90,75.30,0.18,100
8232,33,148.07,122.50,131.99,83.31,0.18,100
8237,33,148.07,122.50,126.55,84.42,0.18,100
8242,33,148.07,122.50,129.33,86.55,0.18,100
8247,33,148.07,122.50,114.84,64.54,0.18,100
8252,33,148.07,122.50,109.73,76.65,0.18,100
8257,33,148.07,122.50,130.32,84.42,0.18,100
8262,33,148.07,122.50,114.36,78.48,0.18,100
8267,33,148.07,122.50,112.48,83.21,0.18,100
8272,33,148.07,122.50,117.53,83.88,0.18,100
8277,33,148.07,122.50,125.50,76.15,0.18,100
8282,33,148.07,122.50,120.92,66.40,0.18,100
8287,33,148.07,122.50,128.20,75.16,0.18,100
8292,33,148.07,122.50,125.48,81.24,0.18,100
8297,33,148.07,122.50,115.48,81.94,0.18,100
8303,33,148.07,122.50,117.59,84.74,0.18,100
8308,34,148.07,122.50,112.95,86.62,0.18,100
8313,34,148.07,122.50,115.11,89.54,0.18,100
8318,34,148.07,122.50,117.95,88.98,0.18,100
8323,34,148.07,122.50,118.48,84.48,0.18,100
8328,34,148.07,122.50,124.39,84.63,0.18,100
8333,34,148.07,122.50,134.95,76.79,0.18,100
8338,34,148.07,122.50,113.51,88.67,0.18,100
8343,34,148.07,122.50,128.05,82.40,0.18,100
8348,34,148.07,122.50,116.28,87.47,0.18,100
8353,34,148.07,122.50,119.95,84.16,0.18,100
8358,34,148.07,122.50,124.06,80.42,0.18,100
8363,34,148.07,122.50,113.01,82.20,0.18,100
8368,34,148.07,122.50,113.14,84.63,0.18,100
8373,34,148.07,122.50,115.07,83.45,0.18,100
8378,34,148.07,122.50,120.62,84.03,0.18,100
8383,34,148.07,122.50,118.35,87.91,0.18,100
8388,34,148.07,122.50,116.74,80.21,0.18,100
8393,34,148.07,122.50,126.94,82.82,0.18,100
8398,34,148.07,122.50,131.04,90.22,0.18,100
8403,34,148.07,122.50,128.99,90.13,0.18,100
8408,34,148.07,122.50,128.59,89.85,0.18,100
8413,34,148.07,122.50,118.97,88.60,0.18,100
8418,34,148.07,122.50,117.47,82.61,0.18,100
8423,34,148.07,122.50,121.49,83.76,0.18,100
8428,34,148.07,122.50,114.29,84.83,0.18,100
8433,34,148.07,122.50,120.82,90.05,0.18,100
8438,34,148.07,122.50,112.88,81.74,0.18,100
8443,34,148.07,122.50,116.47,85.46,0.18,100
8448,34,148.07,122.50,120.24,87.03,0.18,100
8453,34,148.07,122.50,125.22,90.46,0.18,100
8458,34,148.07,122.50,122.36,89.98,0.17,100
8463,34,148.07,122.50,124.21,92.06,0.17,100
8468,34,148.07,122.50,129.69,96.16,0.17,100
8473,34,148.07,122.50,123.70,88.88,0.18,100
8478,34,148.07,122.50,129.43,86.12,0.18,100
8483,34,148.07,122.50,129.41,99.33,0.18,100
8488,34,148.07,130.12,129.82,90.48,0.18,100
8493,34,148.07,130.12,128.69,95.59,0.18,100
8498,34,148.07,130.12,134.83,102.12,0.18,100
8503,34,148.07,130.12,126.52,97.34,0.18,100
8508,34,148.07,130.12,131.25,97.08,0.18,100
8513,34,148.07,130.12,124.74,95.62,0.18,100
8518,34,148.07,130.12,137.08,89.57,0.18,100
8523,34,148.07,130.12,131.90,78.62,0.17,100
8528,34,148.07,130.12,124.64,82.96,0.17,100
8533,34,148.07,130.12,128.64,92.42,0.17,100
8538,34,148.07,130.12,129.19,90.46,0.17,100
8543,35,148.07,130.12,134.74,90.78,0.17,100
8548,35,148.07,130.12,119.11,78.25,0.17,100
8553,35,148.07,130.12,128.48,90.41,0.17,100
8558,35,148.07,130.12,126.53,87.38,0.18,100
8563,35,148.07,130.12,137.52,91.30,0.18,100
8568,35,148.07,130.12,130.23,95.05,0.18,100
8573,35,148.07,130.12,126.50,95.23,0.18,100
8578,35,148.07,130.12,132.82,93.49,0.18,100
8583,35,148.07,130.12,129.73,87.60,0.18,100
8588,35,148.07,130.12,141.17,99.74,0.18,100
8593,35,148.07,130.12,139.85,102.28,0.18,100
8598,35,148.07,130.12,132.89,94.44,0.18,100
8603,35,148.07,130.12,138.17,98.58,0.18,100
8608,35,148.07,130.12,132.84,95.94,0.18,100
8613,35,148.07,130.12,135.29,90.62,0.18,100
8618,35,148.07,130.12,135.34,82.50,0.18,100
8623,35,148.07,130.12,137.17,87.09,0.18,100
8628,35,148.07,130.12,128.72,90.26,0.18,100
8633,35,148.07,130.12,135.15,90.80,0.18,100
8638,35,148.07,131.28,134.35,94.31,0.18,100
8643,35,148.07,131.28,124.86,89.33,0.18,100
8648,35,148.07,131.28,123.86,89.16,0.18,100
8653,35,148.07,131.28,134.49,88.76,0.18,100
8658,35,148.07,131.28,137.91,96.01,0.18,100
8664,35,148.07,131.28,127.45,92.69,0.18,100
8669,35,148.07,131.28,132.71,84.24,0.18,100
8674,35,148.07,131.28,122.26,88.97,0.18,100
8679,35,148.07,131.28,125.17,88.41,0.18,100
8684,35,148.07,131.28,130.50,91.03,0.17,100
8689,35,148.07,131.28,131.40,97.78,0.17,100
8694,35,148.07,131.28,132.64,95.21,0.17,100
8699,35,148.07,131.28,133.02,85.69,0.17,100
8704,35,148.07,131.28,122.94,84.06,0.17,100
8710,35,148.07,131.28,115.60,80.52,0.17,100
8715,35,148.07,131.28,129.41,80.89,0.17,100
8720,35,148.07,131.28,127.60,81.35,0.17,100
8725,35,148.07,131.28,124.53,76.70,0.17,100
8730,35,148.07,131.28,141.78,74.49,0.17,100
8735,35,150.40,131.28,131.15,74.30,0.17,100
8740,35,150.40,131.28,127.19,73.87,0.17,100
8745,35,150.40,131.28,125.49,82.64,0.17,100
8750,35,150.40,131.28,138.56,88.40,0.17,100
8755,35,150.40,131.28,119.24,82.30,0.17,100
8760,35,150.40,131.28,130.95,86.94,0.17,100
8765,35,150.40,131.28,127.86,77.00,0.17,100
8770,35,150.40,131.28,124.99,84.49,0.17,100
8775,36,150.40,131.28,121.56,79.83,0.17,100
8780,36,150.40,131.28,121.65,77.28,0.17,100
8785,36,150.40,131.28,119.62,71.98,0.17,100
8790,36,150.40,131.28,118.37,76.34,0.17,100
8795,36,150.40,131.28,131.12,80.14,0.17,100
8800,36,150.40,131.28,130.97,91.26,0.17,100
8805,36,150.40,131.28,126.41,89.21,0.17,100
8810,36,150.40,131.28,128.04,87.72,0.17,100
8815,36,150.40,131.28,130.99,95.92,0.17,100
8821,36,150.40,131.28,141.25,81.57,0.17,100
8826,36,150.40,131.28,144.37,90.37,0.17,100
8831,36,150.40,131.28,131.22,94.60,0.17,100
8836,36,150.40,131.28,138.77,85.13,0.17,100
8841,36,150.54,131.28,134.19,95.77,0.17,100
8846,36,150.54,131.28,134.28,82.36,0.17,100
8851,36,150.54,131.28,143.52,89.22,0.17,100
8856,36,150.54,131.28,134.70,97.36,0.17,100
8861,36,150.54,131.28,133.22,93.29,0.17,100
8866,36,150.54,131.28,136.87,84.71,0.17,100
8871,36,150.54,131.28,137.79,89.47,0.17,100
8876,36,150.54,131.28,131.54,97.89,0.17,100
8881,36,150.54,131.28,142.20,97.49,0.17,100
8886,36,153.61,131.28,140.60,99.01,0.17,100
8891,36,153.61,131.28,145.23,97.47,0.17,100
8896,36,153.61,131.28,132.86,107.74,0.17,100
8901,36,153.61,131.28,141.45,94.40,0.17,100
8906,36,153.61,135.03,145.28,103.80,0.17,100
8911,36,153.61,135.03,137.42,96.42,0.17,100
8916,36,153.61,135.03,144.45,100.30,0.17,100
8921,36,153.61,135.03,148.59,108.88,0.17,100
8926,36,153.61,135.03,129.92,97.13,0.17,100
8931,36,153.61,135.03,146.51,109.99,0.17,100
8937,36,153.61,135.03,130.35,98.06,0.17,100
8942,36,153.61,135.03,131.23,104.12,0.17,100
8947,36,153.61,135.03,136.61,102.91,0.17,100
8952,36,153.61,135.03,134.58,96.56,0.17,100
8957,36,153.61,135.03,140.22,95.00,0.17,100
8962,36,153.61,135.03,135.92,87.43,0.17,100
8967,36,153.61,135.03,139.63,86.60,0.17,100
8972,36,153.61,135.03,130.14,75.89,0.17,100
8977,36,153.61,135.03,140.03,88.04,0.17,100
8981,36,153.61,135.03,135.24,89.06,0.17,100
8986,36,153.61,135.03,135.17,85.19,0.17,100
8991,36,153.61,135.03,137.07,80.91,0.18,100
8996,36,153.61,135.03,147.06,93.35,0.18,100
9001,36,153.61,135.03,125.97,79.97,0.18,100
9005,37,153.61,135.03,126.57,89.51,0.18,100
9010,37,153.61,135.03,130.54,86.67,0.18,100
9014,37,153.61,135.03,137.73,90.88,0.18,100
9018,37,153.61,135.03,142.26,97.36,0.17,100
9022,37,153.61,135.03,128.36,77.54,0.17,100
9026,37,153.61,135.03,130.85,92.77,0.17,100
9030,37,153.61,135.03,128.88,89.85,0.17,100
9034,37,153.61,135.03,126.20,95.29,0.18,100
9038,37,153.61,135.03,126.27,90.12,0.18,100
9042,37,153.61,135.03,138.36,99.45,0.18,100
9046,37,153.61,135.03,137.05,95.19,0.18,100
9051,37,153.61,135.03,144.23,104.74,0.17,100
9055,37,153.61,135.03,132.39,94.03,0.17,100
9059,37,153.61,135.03,135.63,88.99,0.17,100
9063,37,153.61,135.03,125.81,87.45,0.17,100
9067,37,153.61,135.03,122.87,85.02,0.17,100
9071,37,153.61,135.03,121.32,91.11,0.17,100
9075,37,153.61,135.03,126.07,90.36,0.17,100
9079,37,153.61,135.03,121.35,91.81,0.17,100
9083,37,153.61,135.03,133.76,91.52,0.17,100
9087,37,153.61,135.03,130.62,90.40,0.17,100
9091,37,153.61,135.03,127.81,87.26,0.17,100
9095,37,153.61,135.13,149.51,96.74,0.17,100
9099,37,153.61,135.13,129.79,101.61,0.17,100
9103,37,153.61,135.13,141.07,105.66,0.17,100
9107,37,153.61,135.13,129.70,95.01,0.17,100
9111,37,153.61,135.13,137.24,94.18,0.17,100
9115,37,153.61,135.13,145.26,101.60,0.17,100
9119,37,153.61,135.13,138.14,93.82,0.17,100
9123,37,153.61,135.13,142.79,97.03,0.17,100
9127,37,153.61,135.13,141.20,102.48,0.17,100
9131,37,153.61,135.13,138.52,100.65,0.17,100
9135,37,153.61,135.13,129.73,100.16,0.17,100
9140,37,153.61,135.13,145.66,97.27,0.17,100
9144,37,153.61,135.13,144.49,98.95,0.17,100
9148,37,153.61,135.13,143.16,104.39,0.17,100
9152,37,153.61,135.13,138.76,102.24,0.17,100
9156,37,153.61,135.13,148.70,101.92,0.17,100
9160,37,153.61,135.13,144.79,106.57,0.17,100
9164,37,153.61,135.13,140.79,92.85,0.17,100
9168,37,153.61,135.13,149.54,93.71,0.17,100
9172,37,153.61,135.13,153.51,103.93,0.17,100
9176,37,157.36,135.13,144.21,92.08,0.17,100
9180,37,157.36,135.13,134.78,90.04,0.17,100
9184,37,157.36,135.13,143.02,84.65,0.17,100
9189,37,157.36,135.13,136.89,93.77,0.17,100
9193,37,157.36,135.13,126.24,87.64,0.17,100
9197,37,157.36,135.13,133.75,83.05,0.17,100
9201,37,157.36,135.13,135.77,82.79,0.17,100
9205,37,157.36,135.13,137.31,82.00,0.17,100
9209,37,157.36,135.13,114.76,71.73,0.17,100
9213,37,157.36,135.13,127.88,80.28,0.17,100
9217,37,157.36,135.13,131.64,83.61,0.17,100
9222,37,157.36,135.13,119.11,83.06,0.17,100
9226,37,157.36,135.13,124.76,87.32,0.17,100
9230,37,157.36,135.13,129.09,77.44,0.17,100
9234,37,157.36,135.13,133.52,86.02,0.17,100
9238,38,157.36,135.13,127.27,80.28,0.17,100
9242,38,157.36,135.13,120.50,79.27,0.17,100
9246,38,157.36,135.13,121.40,75.04,0.17,100
9250,38,157.36,135.13,119.25,85.45,0.17,100
9254,38,157.36,135.13,124.56,83.83,0.17,100
9258,38,157.36,135.13,126.26,92.00,0.17,100
9262,38,157.36,135.13,129.27,83.79,0.17,100
9266,38,157.36,135.13,128.48,83.18,0.17,100
9271,38,157.36,135.13,125.52,83.49,0.17,100
9275,38,157.36,135.13,130.46,70.96,0.17,100
9279,38,157.36,135.13,118.96,79.57,0.17,100
9283,38,157.36,135.13,120.53,79.98,0.17,100
9287,38,157.36,135.13,125.59,90.08,0.17,100
9291,38,157.36,135.13,140.28,86.97,0.17,100
9295,38,157.36,135.13,126.68,91.52,0.17,100
9300,38,157.36,135.13,137.56,84.58,0.18,100
9304,38,157.36,135.13,141.37,89.34,0.18,100
9308,38,157.36,135.13,135.57,69.56,0.18,100
9312,38,157.36,135.13,137.18,66.89,0.18,100
9316,38,157.36,135.13,125.17,79.35,0.18,100
9320,38,157.36,135.13,124.58,73.49,0.18,100
9324,38,157.36,135.13,112.81,77.93,0.18,100
9328,38,157.36,135.13,118.46,72.83,0.18,100
9333,38,157.36,135.13,122.91,73.07,0.18,100
9337,38,157.36,135.13,120.06,68.99,0.18,100
9342,38,157.36,135.13,118.70,78.82,0.18,100
9346,38,157.36,135.13,125.65,82.86,0.18,100
9350,38,157.36,135.13,126.09,84.29,0.18,100
9354,38,157.36,135.13,129.51,79.73,0.18,100
9358,38,157.36,135.13,122.50,81.34,0.18,100
9362,38,157.36,135.13,125.48,75.40,0.18,100
9366,38,157.36,135.13,110.56,64.98,0.18,100
9370,38,157.36,135.13,111.96,73.09,0.18,100
9374,38,157.36,135.13,109.47,72.45,0.18,100
9378,38,157.36,135.13,123.47,73.91,0.18,100
9382,38,157.36,135.13,123.32,66.54,0.18,100
9386,38,157.36,135.13,135.41,87.65,0.18,100
9391,38,157.36,135.13,125.88,83.88,0.18,100
9395,38,157.36,135.13,129.87,78.68,0.18,100
9399,38,157.36,135.13,132.73,80.06,0.18,100
9403,38,157.36,135.13,135.98,102.65,0.18,100
9407,38,157.36,135.13,135.54,102.69,0.18,100
9411,38,157.36,135.13,134.01,96.31,0.18,100
9415,38,157.36,135.13,134.63,97.69,0.18,100
9419,38,157.36,135.13,133.12,100.18,0.18,100
9423,38,157.36,135.13,133.87,97.64,0.18,100
9427,38,157.36,135.13,130.04,97.37,0.18,100
9431,38,157.36,135.13,140.57,101.88,0.18,100
9435,38,157.36,135.13,141.16,102.52,0.18,100
9439,38,157.36,135.13,130.85,92.14,0.18,100
9443,38,157.36,135.13,131.53,94.43,0.18,100
9447,38,157.36,135.13,134.19,97.44,0.18,100
9451,38,157.36,135.13,135.93,104.19,0.17,100
9455,38,157.36,135.13,131.94,92.59,0.17,100
9459,38,157.36,135.13,125.41,98.79,0.17,100
9463,38,157.36,135.13,124.54,94.06,0.17,100
9467,38,157.36,135.13,123.97,86.09,0.17,100
9471,39,157.36,135.13,130.97,93.27,0.17,100
9475,39,157.36,135.13,125.21,99.14,0.17,100
9479,39,157.36,135.13,125.41,96.38,0.17,100
9483,39,157.36,135.13,128.49,96.51,0.18,100
9487,39,157.36,135.13,130.18,89.11,0.18,100
9491,39,157.36,135.13,123.13,96.44,0.18,100
9495,39,157.36,135.13,121.77,87.66,0.18,100
9499,39,157.36,135.13,122.08,90.05,0.18,100
9503,39,157.36,135.13,122.40,98.94,0.18,100
9508,39,157.36,135.13,122.63,98.90,0.18,100
9512,39,157.36,135.13,134.40,93.98,0.17,100
9516,39,157.36,135.13,132.53,93.38,0.17,100
9520,39,157.36,135.13,130.30,90.79,0.17,100
9525,39,157.36,135.13,131.42,90.47,0.17,100
9529,39,157.36,135.13,133.02,90.82,0.17,100
9533,39,157.36,135.13,126.60,87.34,0.17,100
9537,39,157.36,135.13,135.47,95.26,0.17,100
9541,39,157.36,135.13,131.65,99.07,0.18,100
9545,39,157.36,135.13,129.02,98.56,0.18,100
9549,39,157.36,135.13,133.90,101.44,0.18,100
9553,39,157.36,135.13,121.78,100.26,0.17,100
9557,39,157.36,135.13,130.25,98.68,0.18,100
9561,39,157.36,135.13,132.20,98.06,0.18,100
9565,39,157.36,135.13,149.29,100.46,0.18,100
9569,39,157.36,135.13,141.38,99.94,0.18,100
9573,39,157.36,138.79,145.42,101.58,0.18,100
9577,39,157.36,138.79,140.41,97.00,0.18,100
9581,39,157.36,138.79,137.89,110.48,0.18,100
9585,39,157.36,138.79,126.83,100.92,0.18,100
9589,39,157.36,138.79,126.05,102.11,0.18,100
9593,39,157.36,138.79,131.93,104.97,0.18,100
9597,39,157.36,138.79,143.00,112.81,0.17,100
9602,39,157.36,138.79,135.78,85.55,0.17,100
9606,39,157.36,138.79,131.47,90.20,0.17,100
9610,39,157.36,138.79,140.23,86.17,0.17,100
9614,39,157.36,138.79,136.30,96.25,0.17,100
9619,39,157.36,138.79,140.01,104.59,0.17,100
9623,39,157.36,138.79,142.23,106.81,0.17,100
9628,39,157.36,138.79,147.13,89.98,0.17,100
9632,39,157.36,138.79,134.64,102.15,0.17,100
9637,39,157.36,138.79,131.86,93.76,0.17,100
9641,39,157.36,138.79,135.22,96.14,0.17,100
9645,39,157.36,138.79,136.55,100.58,0.17,100
9649,39,157.36,138.79,136.27,89.43,0.17,100
9653,39,157.36,138.79,131.32,91.21,0.17,100
9658,39,157.36,138.79,129.56,98.42,0.17,100
9662,39,157.36,138.79,128.28,100.34,0.17,100
9666,39,157.36,138.79,130.37,98.09,0.17,100
9671,39,157.36,138.79,139.07,101.03,0.17,100
9675,39,157.36,138.79,147.79,104.31,0.17,100
9679,39,157.36,138.79,139.00,99.67,0.17,100
9684,39,157.36,138.79,141.02,97.29,0.17,100
9689,39,157.36,138.79,138.27,101.80,0.17,100
9693,39,157.36,138.79,139.26,107.74,0.17,100
9697,39,157.36,138.79,142.19,104.75,0.17,100
9702,40,157.36,138.79,138.38,99.00,0.17,100
9706,40,157.36,138.79,141.81,103.86,0.17,100
9710,40,157.36,138.81,144.50,108.95,0.17,100
9714,40,157.36,138.81,146.44,105.45,0.17,100
9718,40,157.36,138.81,141.22,102.02,0.17,100
9722,40,157.36,138.81,147.73,104.24,0.17,100
9726,40,157.36,138.81,142.56,105.01,0.17,100
9730,40,157.36,138.81,145.26,108.62,0.17,100
9734,40,157.36,138.81,147.82,118.41,0.17,100
9738,40,157.36,138.81,142.20,107.15,0.17,100
9742,40,157.36,138.81,141.94,110.18,0.17,100
9746,40,157.36,138.81,145.52,108.39,0.17,100
9750,40,157.36,138.81,138.47,106.82,0.17,100
9754,40,157.36,138.81,145.20,109.67,0.18,100
9758,40,157.36,138.81,137.30,101.08,0.18,100
9762,40,157.36,138.81,144.26,106.04,0.18,100
9766,40,157.36,138.81,131.27,101.17,0.18,100
9770,40,157.36,138.81,136.04,101.37,0.18,100
9774,40,157.36,138.81,141.55,99.10,0.18,100
9778,40,157.36,138.81,145.78,101.59,0.18,100
9782,40,157.36,138.81,132.49,98.76,0.18,100
9786,40,157.36,138.81,136.90,108.39,0.18,100
9790,40,157.36,138.81,146.20,98.47,0.18,100
9795,40,157.36,138.81,145.35,108.71,0.18,100
9799,40,157.36,138.81,148.25,104.95,0.18,100
9803,40,157.36,138.81,152.70,101.74,0.18,100
9807,40,157.36,138.81,149.39,104.88,0.18,100
9811,40,162.82,138.81,148.68,105.76,0.18,100
9816,40,162.82,138.81,135.09,91.16,0.18,100
9820,40,162.82,138.81,145.23,100.91,0.18,100
9825,40,162.82,138.81,146.69,101.68,0.18,100
9830,40,162.82,138.81,144.26,99.51,0.18,100
9835,40,162.82,138.81,150.37,105.86,0.18,100
9839,40,162.82,138.81,133.63,95.95,0.18,100
9844,40,162.82,138.81,145.48,107.10,0.18,100
9849,40,162.82,138.81,145.04,104.52,0.18,100
9853,40,162.82,138.81,150.47,90.50,0.18,100
9857,40,162.82,138.81,143.31,100.75,0.18,100
9861,40,162.82,138.81,133.55,91.85,0.18,100
9866,40,162.82,138.81,132.52,97.81,0.18,100
9870,40,162.82,138.81,133.88,94.86,0.18,100
9874,40,162.82,138.81,139.80,99.55,0.18,100
9878,40,162.82,138.81,128.26,97.70,0.18,100
9882,40,162.82,138.81,136.90,99.20,0.18,100
9887,40,162.82,138.81,137.27,96.43,0.18,100
9891,40,162.82,138.81,137.98,96.49,0.18,100
9895,40,162.82,138.81,135.32,85.45,0.18,100
9899,40,162.82,138.81,128.97,101.32,0.18,100
9903,40,162.82,138.81,139.39,99.33,0.18,100
9908,40,162.82,138.81,141.53,102.10,0.18,100
9912,40,162.82,138.81,137.01,100.43,0.18,100
9917,40,162.82,138.81,140.37,96.80,0.18,100
9921,40,162.82,138.81,143.68,92.44,0.18,100
9925,40,162.82,138.81,130.49,103.58,0.18,100
9929,40,162.82,138.81,150.37,97.87,0.18,100
9934,40,162.82,138.81,145.16,105.26,0.18,100
9938,41,162.82,138.81,138.53,95.85,0.18,100
9942,41,162.82,138.81,139.28,95.79,0.18,100
9946,41,162.82,138.81,155.52,89.89,0.18,100
9950,41,162.82,138.81,136.86,84.84,0.18,100
9955,41,162.82,138.81,146.79,95.33,0.18,100
9959,41,162.82,138.81,145.20,86.56,0.18,100
9963,41,162.82,138.81,143.09,86.65,0.18,100
9967,41,162.82,138.81,139.69,92.76,0.18,100
9971,41,162.82,138.81,126.42,84.70,0.18,100
9976,41,162.82,138.81,131.94,83.94,0.18,100
9980,41,162.82,138.81,127.94,89.14,0.18,100
9985,41,162.82,138.81,137.89,83.00,0.18,100
9989,41,162.82,138.81,128.29,86.95,0.18,100
9994,41,162.82,138.81,138.08,90.58,0.18,100
9998,41,162.82,138.81,134.22,74.72,0.18,100
10002,41,162.82,138.81,143.49,86.22,0.18,100
10006,41,162.82,138.81,144.35,91.00,0.18,100
10010,41,162.82,138.81,141.12,76.67,0.18,100
10015,41,162.82,138.81,131.67,87.72,0.18,100
10019,41,162.82,138.81,130.60,91.21,0.18,100
10024,41,162.82,138.81,135.31,89.68,0.18,100
10028,41,162.82,138.81,145.55,93.11,0.18,100
10033,41,162.82,138.81,132.81,89.96,0.18,100
10037,41,162.82,138.81,132.17,79.55,0.18,100
10041,41,162.82,138.81,127.30,73.69,0.18,100
10045,41,162.82,138.81,126.72,89.07,0.18,100
10049,41,162.82,138.81,132.43,88.01,0.18,100
10054,41,162.82,138.81,125.02,77.59,0.18,100
10058,41,162.82,138.81,122.78,74.40,0.18,100
10062,41,162.82,138.81,142.36,81.63,0.18,100
10066,41,162.82,138.81,133.64,77.13,0.18,100
10070,41,162.82,138.81,129.07,82.17,0.18,100
10074,41,162.82,138.81,141.37,82.89,0.18,100
10078,41,162.82,138.81,130.10,83.11,0.18,100
10082,41,162.82,138.81,121.86,77.76,0.18,100
10086,41,162.82,138.81,121.35,82.06,0.18,100
10090,41,162.82,138.81,133.98,75.65,0.18,100
10095,41,162.82,138.81,120.77,77.95,0.18,100
10099,41,162.82,138.81,125.72,77.38,0.18,100
10103,41,162.82,138.81,127.62,81.12,0.18,100
10108,41,162.82,138.81,133.60,75.11,0.18,100
10112,41,162.82,138.81,130.21,82.58,0.18,100
10116,41,162.82,138.81,136.87,80.23,0.18,100
10120,41,162.82,138.81,130.87,77.69,0.18,100
10124,41,162.82,138.81,141.04,80.23,0.18,100
10129,41,162.82,138.81,131.20,69.50,0.18,100
10133,41,162.82,138.81,142.08,81.54,0.18,100
10137,41,162.82,138.81,130.48,71.59,0.18,100
10142,41,162.82,138.81,133.48,73.62,0.18,100
10146,41,162.82,138.81,141.93,82.74,0.18,100
10150,41,162.82,138.81,134.68,85.62,0.18,100
10155,41,162.82,138.81,141.64,89.04,0.18,100
10159,41,162.82,138.81,136.34,72.28,0.18,100
10163,41,162.82,138.81,133.18,93.44,0.18,100
10168,42,162.82,138.81,137.92,92.73,0.18,100
10172,42,162.82,138.81,135.31,90.26,0.18,100
10177,42,162.82,138.81,147.33,95.32,0.18,100
10181,42,162.82,138.81,140.84,104.33,0.18,100
10185,42,162.82,138.81,124.93,92.30,0.18,100
10189,42,162.82,138.81,135.99,91.43,0.18,100
10193,42,162.82,138.81,128.74,91.39,0.18,100
10197,42,162.82,138.81,146.81,93.10,0.18,100
10201,42,162.82,138.81,136.60,92.15,0.18,100
10206,42,162.82,138.81,141.99,104.54,0.18,100
10210,42,162.82,138.81,136.19,90.69,0.18,100
10214,42,162.82,138.81,132.50,85.03,0.18,100
10218,42,162.82,138.81,131.36,84.33,0.18,100
10222,42,162.82,138.81,139.93,95.27,0.18,100
10226,42,162.82,138.81,128.29,85.40,0.18,100
10230,42,162.82,138.81,149.34,95.25,0.18,100
10235,42,162.82,138.81,153.84,79.61,0.18,100
10239,42,162.82,138.81,139.39,78.59,0.18,100
10244,42,162.82,138.81,142.74,92.74,0.18,100
10248,42,162.82,139.53,138.30,95.06,0.18,100
10252,42,162.82,139.53,138.10,96.72,0.18,100
10257,42,162.82,139.53,144.07,97.61,0.18,100
10261,42,162.82,139.53,149.17,89.09,0.18,100
10266,42,162.82,139.53,141.54,86.55,0.18,100
10271,42,162.82,139.53,151.22,81.03,0.18,100
10276,42,162.82,139.53,151.14,88.09,0.18,100
10280,42,162.82,139.53,159.09,65.09,0.18,100
10284,42,162.82,139.53,122.31,69.08,0.18,100
10289,42,162.82,139.53,120.85,77.22,0.18,100
10293,42,162.82,139.53,145.15,75.80,0.18,100
10297,42,162.82,139.53,113.64,59.48,0.18,100
10301,42,162.82,139.53,128.66,69.01,0.18,100
10305,42,162.82,139.53,135.70,66.90,0.18,100
10309,42,162.82,139.53,127.20,72.53,0.18,100
10313,42,162.82,139.53,145.18,69.15,0.18,100
10318,42,162.82,139.53,131.76,73.88,0.18,100
10323,42,162.82,139.53,143.27,65.88,0.18,100
10327,42,162.82,139.53,134.95,75.84,0.18,100
10331,42,162.82,139.53,141.97,69.70,0.18,100
10335,42,162.82,139.53,153.45,82.06,0.18,100
10339,42,162.82,139.53,135.75,91.99,0.18,100
10344,42,162.82,139.53,148.61,81.39,0.18,100
10348,42,162.82,139.53,137.52,77.14,0.18,100
10352,42,162.82,139.53,143.21,79.62,0.18,100
10356,42,162.82,139.53,146.40,90.50,0.18,100
10361,42,162.82,139.53,145.39,77.47,0.18,100
10365,42,162.82,139.53,141.35,78.76,0.18,100
10369,42,162.82,139.53,149.37,92.88,0.18,100
10374,42,162.82,139.53,128.72,88.12,0.18,100
10378,42,162.82,139.53,137.71,83.63,0.18,100
10382,42,162.82,139.53,139.54,92.67,0.18,100
10386,42,162.82,139.53,135.10,96.14,0.18,100
10390,42,162.82,139.53,136.38,79.95,0.18,100
10394,42,162.82,139.53,132.69,79.39,0.18,100
10398,42,162.82,139.53,127.24,80.83,0.18,100
10403,43,162.82,139.53,134.98,86.47,0.18,100
10407,43,162.82,139.53,134.60,91.31,0.18,100
10411,43,162.82,139.53,143.29,86.63,0.18,100
10415,43,162.82,139.53,133.05,84.05,0.18,100
10420,43,162.82,139.53,135.87,87.44,0.18,100
10424,43,162.82,139.53,140.88,87.00,0.18,100
10428,43,162.82,139.53,136.77,94.38,0.18,100
10432,43,162.82,139.53,143.22,92.84,0.17,100
10436,43,162.82,139.53,133.79,87.81,0.17,100
10440,43,162.82,139.53,138.55,82.02,0.17,100
10445,43,162.82,139.53,127.59,71.73,0.17,100
10449,43,162.82,139.53,142.82,79.31,0.17,100
10454,43,162.82,139.53,123.84,76.45,0.17,100
10459,43,162.82,139.53,130.27,86.95,0.17,100
10463,43,162.82,139.53,135.16,84.80,0.17,100
10467,43,162.82,139.53,125.22,83.13,0.17,100
10471,43,162.82,139.53,125.39,96.92,0.17,100
10476,43,162.82,139.53,130.63,94.27,0.17,100
10480,43,162.82,139.53,137.80,96.06,0.17,100
10484,43,162.82,139.53,122.39,96.25,0.17,100
10488,43,162.82,139.53,127.77,102.68,0.17,100
10492,43,162.82,139.53,136.99,93.48,0.17,100
10496,43,162.82,139.53,133.18,95.86,0.17,100
10500,43,162.82,139.53,135.72,99.45,0.17,100
10504,43,162.82,139.53,132.24,94.03,0.17,100
10509,43,162.82,139.53,130.77,95.22,0.17,100
10514,43,162.82,139.53,134.73,98.86,0.17,100
10518,43,162.82,139.53,132.62,98.65,0.17,100
10522,43,162.82,139.53,151.62,104.21,0.17,100
10526,43,162.82,139.53,134.84,91.52,0.17,100
10530,43,162.82,139.53,141.90,102.49,0.17,100
10534,43,162.82,139.53,140.54,106.44,0.17,100
10538,43,162.82,139.53,133.59,101.19,0.17,100
10543,43,162.82,139.53,136.05,94.12,0.17,100
10548,43,162.82,139.53,131.67,99.50,0.17,100
10552,43,162.82,139.53,136.19,97.50,0.17,100
10556,43,162.82,139.53,128.63,86.69,0.17,100
10560,43,162.82,139.53,137.15,93.08,0.17,100
10564,43,162.82,139.53,138.99,94.18,0.17,100
10568,43,162.82,139.53,131.96,105.87,0.17,100
10573,43,162.82,139.53,145.01,105.59,0.17,100
10577,43,162.82,139.53,146.07,100.99,0.17,100
10582,43,162.82,139.53,149.00,104.93,0.17,100
10587,43,162.82,139.53,144.50,112.16,0.17,100
10591,43,162.82,139.53,149.59,102.38,0.17,100
10596,43,162.82,139.53,144.52,95.07,0.17,100
10600,43,162.82,139.53,148.34,97.99,0.17,100
10604,43,162.82,139.53,141.14,101.55,0.17,100
10608,43,162.82,139.53,149.67,91.64,0.17,100
10612,43,162.82,139.53,136.07,91.96,0.17,100
10616,43,162.82,139.53,143.39,100.96,0.17,100
10620,43,162.82,139.53,131.47,95.15,0.17,100
10624,43,162.82,139.53,134.92,93.75,0.17,100
10628,43,162.82,139.53,145.72,102.47,0.17,100
10632,43,162.82,139.53,137.57,97.67,0.17,100
10636,44,162.82,139.53,139.27,91.19,0.17,100
10640,44,162.82,139.53,141.64,102.73,0.17,100
10645,44,162.82,139.53,142.92,107.64,0.17,100
10650,44,162.82,139.53,144.98,94.25,0.17,100
10655,44,162.82,139.53,149.37,95.49,0.17,100
10660,44,162.82,141.55,150.27,112.65,0.17,100
10664,44,162.82,144.24,153.97,104.39,0.17,100
10669,44,162.82,144.24,150.05,104.18,0.17,100
10674,44,162.82,144.24,137.41,111.49,0.17,100
10678,44,162.82,144.24,132.39,107.85,0.17,100
10682,44,162.82,144.24,149.75,112.88,0.17,100
10687,44,162.82,144.24,139.64,110.74,0.17,100
10691,44,162.82,144.24,140.19,107.66,0.17,100
10695,44,162.82,144.24,150.46,115.29,0.17,100
10700,44,162.82,144.24,151.01,103.58,0.17,100
10705,44,164.89,144.24,147.79,109.18,0.17,100
10710,44,164.89,144.24,140.95,101.01,0.17,100
10714,44,164.89,144.24,154.02,114.12,0.17,100
10718,44,164.89,144.24,134.99,94.15,0.17,100
10722,44,164.89,144.24,148.01,99.98,0.17,100
10727,44,164.89,144.24,152.39,106.15,0.17,100
10731,44,164.89,144.24,138.64,105.94,0.17,100
10735,44,164.89,144.24,150.21,93.95,0.18,100
10739,44,164.89,144.24,151.95,101.26,0.18,100
10743,44,164.89,144.24,145.57,98.12,0.18,100
10748,44,164.89,144.24,142.17,99.13,0.18,100
10752,44,164.89,144.24,143.68,101.32,0.18,100
10757,44,164.89,144.24,140.73,100.33,0.17,100
10761,44,164.89,144.24,151.63,103.89,0.17,100
10765,44,164.89,144.24,131.41,104.40,0.17,100
10770,44,164.89,144.24,129.88,101.41,0.17,100
10774,44,164.89,144.24,132.63,99.16,0.17,100
10778,44,164.89,144.24,135.57,103.55,0.17,100
10782,44,164.89,144.24,138.51,101.27,0.17,100
10786,44,164.89,144.24,134.07,100.35,0.17,100
10790,44,164.89,144.24,138.08,104.19,0.17,100
10794,44,164.89,144.24,139.67,108.73,0.17,100
10799,44,164.89,144.24,137.59,110.99,0.17,100
10803,44,164.89,144.24,134.89,108.27,0.17,100
10807,44,164.89,144.24,148.64,112.12,0.17,100
10812,44,164.89,144.24,151.37,105.42,0.17,100
10816,44,164.89,144.24,138.64,112.44,0.17,100
10821,44,164.89,144.24,144.44,103.23,0.17,100
10825,44,164.89,144.24,139.94,102.34,0.17,100
10829,44,164.89,144.24,147.55,106.05,0.17,100
10833,44,164.89,144.24,132.31,86.04,0.17,100
10837,44,164.89,144.24,135.34,99.35,0.17,100
10842,44,164.89,144.24,137.90,98.30,0.17,100
10846,44,164.89,144.24,128.40,97.54,0.17,100
10850,44,164.89,144.24,130.02,94.58,0.17,100
10854,44,164.89,144.24,130.66,93.36,0.17,100
10859,44,164.89,144.24,127.57,93.97,0.17,100
10863,44,164.89,144.24,131.48,98.62,0.17,100
10868,45,164.89,144.24,129.08,100.12,0.17,100
10872,45,164.89,144.24,132.33,89.80,0.17,100
10876,45,164.89,144.24,135.76,93.53,0.17,100
10880,45,164.89,144.24,143.18,96.66,0.17,100
10885,45,164.89,144.24,132.03,93.13,0.17,100
10889,45,164.89,144.24,142.76,92.35,0.17,100
10894,45,164.89,144.24,139.34,91.93,0.17,100
10898,45,164.89,144.24,132.05,89.55,0.17,100
10902,45,164.89,144.24,148.48,80.86,0.17,100
10906,45,164.89,144.24,132.61,76.50,0.17,100
10911,45,164.89,144.24,133.16,84.47,0.17,100
10915,45,164.89,144.24,130.17,85.85,0.17,100
10919,45,164.89,144.24,141.85,78.23,0.17,100
10923,45,164.89,144.24,137.60,78.69,0.17,100
10927,45,164.89,144.24,140.94,77.06,0.17,100
10931,45,164.89,144.24,133.76,76.35,0.17,100
10936,45,164.89,144.24,132.18,75.57,0.17,100
10940,45,164.89,144.24,127.41,73.48,0.17,100
10944,45,164.89,144.24,131.14,78.45,0.17,100
10948,45,164.89,144.24,125.45,68.48,0.17,100
10952,45,164.89,144.24,135.96,64.31,0.17,100
10957,45,164.89,144.24,116.72,67.63,0.17,100
10961,45,164.89,144.24,120.36,63.14,0.17,100
10965,45,164.89,144.24,122.44,73.00,0.17,100
10970,45,164.89,144.24,118.16,80.27,0.17,100
10974,45,164.89,144.24,128.54,73.36,0.17,100
10978,45,164.89,144.24,127.77,92.29,0.17,100
10983,45,164.89,144.24,130.41,78.40,0.17,100
10987,45,164.89,144.24,123.11,85.63,0.17,100
10991,45,164.89,144.24,136.87,87.52,0.17,100
10995,45,164.89,144.24,135.41,87.90,0.17,100
10999,45,164.89,144.24,128.34,88.26,0.17,100
11003,45,164.89,144.24,128.37,82.54,0.17,100
11007,45,164.89,144.24,131.43,88.35,0.17,100
11011,45,164.89,144.24,126.89,84.96,0.17,100
11015,45,164.89,144.24,120.96,85.83,0.17,100
11020,45,164.89,144.24,124.20,80.32,0.17,100
11024,45,164.89,144.24,131.82,89.83,0.17,100
11029,45,164.89,144.24,128.89,88.52,0.17,100
11034,45,164.89,144.24,125.10,87.76,0.17,100
11039,45,164.89,144.24,141.20,99.12,0.17,100
11044,45,164.89,144.24,134.92,93.37,0.17,100
11048,45,164.89,144.24,138.08,91.03,0.17,100
11053,45,164.89,144.24,143.46,99.69,0.17,100
11057,45,164.89,144.24,132.11,88.30,0.17,100
11062,45,164.89,144.24,136.92,100.20,0.17,100
11066,45,164.89,144.24,140.42,94.26,0.17,100
11070,45,164.89,144.24,138.36,96.99,0.17,100
11075,45,164.89,144.24,154.43,95.70,0.17,100
11080,45,164.89,144.24,155.07,81.75,0.17,100
11085,45,164.89,144.24,144.96,97.84,0.17,100
11089,45,164.89,144.24,140.17,92.22,0.17,100
11093,45,164.89,144.24,139.05,94.86,0.17,100
11097,45,164.89,144.74,145.55,91.23,0.17,100
11102,46,164.89,144.74,124.29,88.34,0.17,100
11107,46,164.89,144.74,132.67,96.44,0.17,100
11112,46,164.89,144.74,139.38,93.79,0.17,100
11117,46,164.89,144.74,129.56,86.27,0.17,100
11122,46,164.89,144.74,138.37,90.16,0.17,100
11126,46,164.89,144.74,129.85,80.45,0.17,100
11131,46,164.89,144.74,133.51,87.69,0.17,100
11135,46,164.89,144.74,138.17,76.75,0.17,100
11139,46,164.89,144.74,142.41,87.47,0.17,100
11143,46,164.89,144.74,137.45,93.93,0.17,100
11148,46,164.89,144.74,145.06,96.89,0.17,100
11152,46,164.89,144.74,145.25,100.41,0.17,100
11157,46,164.89,144.74,130.95,85.10,0.17,100
11161,46,164.89,144.74,133.12,81.28,0.17,100
11165,46,164.89,144.74,126.33,84.19,0.17,100
11169,46,164.89,144.74,132.82,93.27,0.17,100
11173,46,164.89,144.74,120.72,75.97,0.17,100
11177,46,164.89,144.74,130.93,83.27,0.17,100
11181,46,164.89,144.74,132.91,86.26,0.17,100
11186,46,164.89,144.74,134.39,90.87,0.17,100
11191,46,164.89,144.74,133.86,82.06,0.17,100
11196,46,164.89,144.74,134.95,85.56,0.17,100
11201,46,164.89,144.74,134.78,81.22,0.17,100
11206,46,164.89,144.74,141.64,92.88,0.17,100
11211,46,164.89,144.74,139.57,92.64,0.17,100
11216,46,164.89,144.74,137.27,82.76,0.17,100
11221,46,164.89,144.74,131.61,90.21,0.17,100
11225,46,164.89,144.74,123.90,90.15,0.17,100
11230,46,164.89,144.74,131.93,88.53,0.17,100
11235,46,164.89,144.74,134.25,86.75,0.17,100
11239,46,164.89,144.74,143.49,78.26,0.17,100
11244,46,164.89,144.74,139.04,88.20,0.17,100
11248,46,164.89,144.74,135.95,70.94,0.17,100
11252,46,164.89,144.74,139.24,82.37,0.17,100
11256,46,164.89,144.74,142.77,75.42,0.17,100
11261,46,164.89,144.74,141.06,88.74,0.17,100
11266,46,164.89,144.74,142.66,94.50,0.17,100
11271,46,164.89,144.74,137.32,101.29,0.17,100
11276,46,164.89,144.74,140.98,89.31,0.17,100
11280,46,164.89,144.74,148.50,97.63,0.17,100
11284,46,164.89,144.74,137.70,89.93,0.17,100
11289,46,164.89,144.74,153.71,90.30,0.18,100
11294,46,164.89,144.74,140.10,102.08,0.18,100
11298,46,164.89,144.74,145.76,90.77,0.18,100
11302,46,164.89,144.74,141.63,88.52,0.18,100
11306,46,164.89,144.74,131.26,89.99,0.18,100
11310,46,164.89,144.74,143.48,95.34,0.18,100
11314,46,164.89,144.74,129.11,91.60,0.18,100
11318,46,164.89,144.74,146.43,93.54,0.17,100
11322,46,164.89,144.74,133.37,93.97,0.17,100
11327,46,164.89,144.74,128.44,87.81,0.17,100
11331,47,164.89,144.74,136.58,90.02,0.18,100
11335,47,164.89,144.74,144.68,92.83,0.18,100
11340,47,164.89,144.74,131.73,92.61,0.18,100
11345,47,164.89,144.74,131.46,104.46,0.18,100
11349,47,164.89,144.74,137.67,98.78,0.18,100
11354,47,164.89,144.74,134.95,94.02,0.18,100
11358,47,164.89,144.74,140.90,105.01,0.18,100
11362,47,164.89,144.74,135.83,97.47,0.18,100
11367,47,164.89,144.74,136.60,104.99,0.18,100
11371,47,164.89,144.74,153.83,89.07,0.18,100
11376,47,164.89,144.74,137.71,84.84,0.18,100
11381,47,164.89,144.74,142.49,83.78,0.18,100
11386,47,164.89,144.74,134.17,94.77,0.18,100
11390,47,164.89,144.74,143.26,86.11,0.18,100
11394,47,164.89,144.74,128.88,76.84,0.18,100
11398,47,164.89,144.74,127.02,72.75,0.18,100
11402,47,164.89,144.74,136.20,76.36,0.18,100
11406,47,164.89,144.74,134.49,86.68,0.18,100
11410,47,164.89,144.74,143.48,80.70,0.18,100
11415,47,164.89,144.74,134.99,82.88,0.18,100
11420,47,164.89,144.74,129.13,83.85,0.18,100
11425,47,164.89,144.74,122.54,88.95,0.18,100
11429,47,164.89,144.74,126.46,87.88,0.18,100
11434,47,164.89,144.74,126.06,93.64,0.18,100
11439,47,164.89,144.74,135.42,93.70,0.18,100
11443,47,164.89,144.74,129.64,91.71,0.18,100
11447,47,164.89,144.74,141.17,98.85,0.18,100
11451,47,164.89,144.74,138.77,96.94,0.18,100
11456,47,164.89,144.74,136.78,93.48,0.18,100
11460,47,164.89,144.74,138.73,92.41,0.18,100
11464,47,164.89,144.74,139.82,100.42,0.18,100
11468,47,164.89,144.74,128.56,90.05,0.18,100
11472,47,164.89,144.74,135.37,93.86,0.18,100
11476,47,164.89,144.74,137.49,99.08,0.18,100
11480,47,164.89,144.74,139.59,92.89,0.18,100
11485,47,164.89,144.74,137.25,89.58,0.18,100
11489,47,164.89,144.74,133.91,98.81,0.18,100
11494,47,164.89,144.74,129.88,96.10,0.18,100
11498,47,164.89,144.74,140.52,99.66,0.18,100
11502,47,164.89,144.74,142.09,102.40,0.18,100
11507,47,164.89,144.74,138.45,91.31,0.18,100
11511,47,164.89,144.74,135.15,92.75,0.18,100
11516,47,164.89,144.74,146.76,89.45,0.18,100
11521,47,164.89,144.74,136.26,98.19,0.18,100
11525,47,164.89,144.74,137.14,99.75,0.18,100
11530,47,164.89,144.74,139.88,108.83,0.18,100
11535,47,164.89,144.74,143.82,96.28,0.18,100
11539,47,164.89,144.74,137.35,103.05,0.18,100
11544,47,164.89,144.74,132.45,92.21,0.18,100
11549,47,164.89,144.74,142.09,105.17,0.18,100
11554,47,164.89,144.74,135.51,97.56,0.18,100
11558,47,164.89,144.74,146.05,101.34,0.18,100
11562,47,164.89,144.74,137.22,108.76,0.18,100
11567,48,164.89,144.74,137.36,91.50,0.18,100
11571,48,164.89,144.74,139.89,99.63,0.18,100
11575,48,164.89,144.74,142.70,90.21,0.18,100
11580,48,164.89,144.74,146.65,95.94,0.18,100
11585,48,164.89,144.74,126.66,102.07,0.18,100
11590,48,164.89,144.74,140.65,97.80,0.18,100
11594,48,164.89,144.74,135.32,92.33,0.18,100
11599,48,164.89,144.74,139.53,98.74,0.18,100
11604,48,164.89,144.74,134.62,97.28,0.18,100
11609,48,164.89,144.74,139.65,100.06,0.18,100
11614,48,164.89,144.74,138.45,97.54,0.18,100
11618,48,164.89,144.74,142.76,98.91,0.18,100
11623,48,164.89,144.74,129.47,91.35,0.18,100
11628,48,164.89,144.74,131.21,98.53,0.18,100
11633,48,164.89,144.74,133.36,100.36,0.18,100
11637,48,164.89,144.74,130.14,97.00,0.18,100
11642,48,164.89,144.74,150.26,98.25,0.18,100
11647,48,164.89,144.74,135.35,99.97,0.18,100
11651,48,164.89,144.74,143.90,100.76,0.18,100
11656,48,164.89,144.74,131.47,98.74,0.18,100
11660,48,164.89,144.74,139.36,97.95,0.18,100
11664,48,164.89,144.74,147.25,94.85,0.18,100
11668,48,164.89,144.74,133.65,98.18,0.18,100
11673,48,164.89,144.74,139.27,108.02,0.18,100
11677,48,164.89,144.74,139.53,102.98,0.18,100
11682,48,164.89,144.74,142.94,102.57,0.18,100
11687,48,164.89,144.74,138.00,106.80,0.18,100
11691,48,164.89,144.74,139.32,96.47,0.18,100
11696,48,164.89,144.74,138.70,99.64,0.18,100
11701,48,164.89,144.74,134.50,100.01,0.18,100
11706,48,164.89,144.74,146.56,108.19,0.18,100
11711,48,164.89,144.74,138.24,111.18,0.18,100
11715,48,164.89,144.74,144.15,110.11,0.18,100
11719,48,164.89,144.74,138.51,106.80,0.18,100
11724,48,164.89,144.74,138.69,89.12,0.18,100
11729,48,164.89,144.74,146.13,109.66,0.18,100
11733,48,164.89,144.74,142.48,113.71,0.18,100
11738,48,164.89,144.74,145.81,110.75,0.18,100
11743,48,164.89,144.74,146.87,112.62,0.18,100
11748,48,164.89,144.74,145.11,108.03,0.18,100
11753,48,164.89,144.74,152.91,115.87,0.18,100
11758,48,164.89,144.74,145.11,108.80,0.18,100
11762,48,164.89,144.74,152.76,117.52,0.18,100
11766,48,164.89,144.74,153.88,115.87,0.18,100
11770,48,164.89,144.74,148.96,115.56,0.18,100
11775,48,164.89,144.74,144.95,104.86,0.18,100
11780,48,164.89,144.74,147.58,114.24,0.18,100
11785,48,164.89,144.74,152.54,118.73,0.18,100
11790,48,164.89,144.74,149.45,113.65,0.18,100
11795,49,164.89,144.74,150.72,118.89,0.17,100
11800,49,164.89,144.74,145.40,111.64,0.17,100
11805,49,164.89,151.38,157.42,126.15,0.17,100
11809,49,164.89,151.38,146.33,110.61,0.17,100
11814,49,164.89,151.38,150.25,114.55,0.17,100
11819,49,164.89,151.38,145.04,114.09,0.17,100
11823,49,164.89,151.38,149.71,120.21,0.17,100
11827,49,164.89,151.38,144.61,116.93,0.17,100
11831,49,164.89,151.38,147.24,101.28,0.17,100
11835,49,164.89,151.38,149.26,111.50,0.17,100
11839,49,164.89,151.38,149.73,116.98,0.17,100
11844,49,164.89,151.38,149.69,122.53,0.17,100
11849,49,164.89,151.38,147.11,104.61,0.17,100
11854,49,164.89,151.38,150.68,105.26,0.17,100
11858,49,164.89,151.38,148.46,112.57,0.17,100
11862,49,164.89,151.38,156.70,96.47,0.17,100
11867,49,164.89,151.38,147.07,105.68,0.17,100
11872,49,164.89,151.38,151.80,106.81,0.17,100
11876,49,164.89,151.38,157.33,108.33,0.18,100
11881,49,164.89,151.38,148.60,104.00,0.18,100
11886,49,164.89,151.38,146.69,112.52,0.18,100
11891,49,164.89,151.38,152.70,94.87,0.18,100
11896,49,164.89,151.38,153.38,110.99,0.18,100
11900,49,164.89,151.38,153.76,100.20,0.18,100
11905,49,164.89,151.38,163.27,111.11,0.18,100
11910,49,164.89,151.38,150.63,104.27,0.18,100
11914,49,164.89,151.38,162.60,116.66,0.18,100
11918,49,164.89,151.38,156.04,108.08,0.18,100
11922,49,164.89,151.38,156.43,106.91,0.18,100
11927,49,164.89,151.38,157.43,115.98,0.18,100
11931,49,165.16,151.38,153.55,110.64,0.18,100
11936,49,165.16,151.38,148.64,95.20,0.18,100
11941,49,165.16,151.38,148.37,108.56,0.18,100
11946,49,165.16,151.38,155.78,107.23,0.18,100
11951,49,165.16,151.38,161.23,102.01,0.18,100
11955,49,165.16,151.38,149.17,107.61,0.18,100
11959,49,165.16,151.38,163.11,108.49,0.18,100
11964,49,165.16,151.38,145.91,107.26,0.18,100
11969,49,165.16,151.38,156.34,103.38,0.18,100
11974,49,165.16,151.38,157.80,111.24,0.18,100
11979,49,165.16,151.38,154.43,104.35,0.18,100
11983,49,165.16,151.38,141.20,98.30,0.18,100
11987,49,165.16,151.38,149.40,108.40,0.18,100
11991,49,165.16,151.38,142.68,87.80,0.18,100
11995,49,165.16,151.38,146.05,92.80,0.18,100
11999,49,165.16,151.38,140.52,101.09,0.18,100
12003,49,165.16,151.38,135.34,79.68,0.18,100
12007,49,165.16,151.38,141.21,96.24,0.18,100
12011,49,165.16,151.38,138.14,78.24,0.18,100
12016,49,165.16,151.38,138.05,107.37,0.18,100
12020,49,165.16,151.38,132.04,91.90,0.18,100
12024,49,165.16,151.38,135.88,99.76,0.18,100
12028,50,165.16,151.38,141.38,96.93,0.18,100
