20,0,216.24,105.09,216.24,96.66,0.17,1000
30,0,842.54,329.60,377.71,177.12,0.18,1000
35,0,901.69,896.70,898.53,430.21,0.18,1000
37,0,902.45,896.70,902.45,692.55,0.18,1000
39,0,902.45,900.09,901.27,693.78,0.18,1000
41,0,902.64,900.09,902.64,732.08,0.18,1000
43,0,902.64,900.09,901.81,785.27,0.18,1000
45,0,909.68,900.09,909.68,835.25,0.18,1000
47,0,909.68,900.09,905.43,872.60,0.18,1000
49,0,931.62,900.09,931.62,857.99,0.18,1000
51,0,931.62,902.99,907.26,839.69,0.18,1000
53,0,998.88,991.52,984.58,859.36,0.18,1000
55,0,1003.88,991.52,1003.88,904.57,0.18,1000
57,1,1003.88,998.01,995.26,918.83,0.18,1000
59,1,1003.88,1000.83,1003.31,893.58,0.18,1000
61,1,1003.88,1000.83,1001.03,871.13,0.18,1000
63,1,1004.31,1000.83,1002.21,876.68,0.18,1000
65,1,1006.65,1002.69,1006.37,864.33,0.18,1000
67,1,1006.65,1002.69,1001.97,737.28,0.18,1000
69,1,1006.65,1002.69,1001.89,921.64,0.18,1000
71,1,1008.29,1002.69,1006.16,988.62,0.18,1000
73,1,1008.29,1002.69,1006.01,946.48,0.18,1000
75,1,1008.29,1002.69,1007.12,925.76,0.18,1000
77,1,1008.29,1002.69,1006.94,979.45,0.18,1000
79,1,1008.29,1002.69,1007.17,958.14,0.18,1000
81,2,1008.29,1002.69,1005.51,989.77,0.18,1000
83,2,1008.29,1002.69,1005.94,925.90,0.18,1000
85,2,1008.29,1004.97,1007.20,945.96,0.18,1000
87,2,1008.29,1004.97,1006.31,937.34,0.18,1000
89,2,1008.64,1006.33,1008.64,915.02,0.18,1000
91,2,1008.64,1006.33,1004.49,944.03,0.18,1000
93,2,1008.64,1006.33,1006.43,976.99,0.18,1000
95,2,1008.64,1006.33,1007.45,980.70,0.18,1000
97,2,1009.41,1006.33,1009.41,936.79,0.18,1000
99,2,1010.57,1006.44,1010.57,953.34,0.18,1000
101,2,1010.99,1007.69,1009.96,982.10,0.18,1000
103,2,1011.83,1009.72,1011.46,898.44,0.18,1000
105,3,1015.32,1013.16,1015.32,930.45,0.18,1000
107,3,1015.40,1013.16,1015.40,883.69,0.18,1000
109,3,1016.10,1013.85,1015.10,872.63,0.18,1000
111,3,1017.54,1014.73,1015.14,892.20,0.18,1000
113,3,1017.54,1014.73,1016.92,788.12,0.18,1000
115,3,1017.54,1014.73,1014.73,909.22,0.18,1000
117,3,1020.19,1017.45,1017.47,909.14,0.18,1000
119,3,1020.19,1017.45,1017.57,980.11,0.18,1000
121,3,1020.19,1017.45,1016.54,859.91,0.18,1000
123,3,1021.80,1018.27,1021.80,881.12,0.18,1000
125,3,1021.80,1018.27,1021.69,798.80,0.18,1000
127,3,1021.80,1018.27,1019.60,976.41,0.18,1000
129,3,1021.80,1019.36,1017.98,911.10,0.18,1000
131,4,1021.80,1019.93,1021.59,1013.85,0.18,1000
133,4,1021.80,1019.93,1020.20,865.91,0.18,1000
134,4,1022.61,1019.93,1022.61,863.21,0.18,1000
135,4,1022.61,1019.93,1021.51,874.77,0.18,1000
136,4,1022.61,1019.93,1022.15,861.78,0.18,1000
137,4,1022.77,1020.09,1022.77,883.15,0.18,1000
138,4,1023.13,1020.09,1023.13,978.87,0.18,1000
139,4,1024.14,1020.09,1024.14,909.35,0.18,1000
140,4,1024.14,1020.09,1021.33,1000.36,0.18,1000
142,4,1024.14,1020.89,1022.61,927.47,0.18,1000
143,4,1024.14,1020.89,1023.08,901.14,0.18,1000
145,4,1024.14,1020.89,1023.36,920.77,0.18,1000
147,4,1024.14,1020.89,1022.14,746.53,0.18,1000
148,4,1024.14,1020.89,1024.12,897.09,0.18,1000
149,4,1024.14,1020.89,1021.70,839.31,0.18,1000
150,4,1024.14,1020.89,1023.22,906.12,0.17,1000
151,4,1024.14,1020.89,1023.93,912.35,0.17,1000
153,4,1024.14,1020.89,1023.63,813.93,0.18,1000
155,4,1024.21,1020.89,1024.21,881.89,0.18,1000
156,4,1024.21,1020.89,1021.92,911.74,0.18,1000
157,4,1024.21,1020.89,1022.99,779.61,0.18,1000
159,5,1025.14,1022.01,1021.82,822.57,0.18,1050
160,5,1025.14,1022.01,1024.41,938.06,0.18,1050
162,5,1025.14,1022.01,1023.50,851.74,0.18,1050
163,5,1025.14,1022.01,1022.89,933.75,0.18,1050
165,5,1025.14,1022.01,1023.60,985.07,0.18,1050
167,5,1025.14,1022.01,1021.38,940.07,0.18,1050
168,5,1025.14,1022.01,1022.28,957.10,0.18,1050
169,5,1025.14,1022.01,1023.53,940.35,0.18,1050
170,5,1025.14,1022.01,1022.12,968.80,0.18,1050
171,5,1025.14,1022.01,1023.56,970.29,0.18,1050
172,5,1025.14,1022.01,1023.50,970.22,0.18,1050
173,5,1025.14,1022.01,1023.93,910.13,0.18,1050
174,5,1025.14,1022.01,1021.96,954.87,0.18,1050
175,5,1025.14,1022.01,1023.13,916.57,0.18,1050
176,5,1025.14,1022.01,1024.16,944.31,0.18,1050
177,5,1025.14,1022.01,1024.30,901.68,0.17,1050
178,5,1025.34,1022.01,1025.34,957.76,0.17,1050
180,5,1026.40,1022.01,1023.98,846.90,0.17,1050
182,5,1026.40,1022.01,1024.16,783.43,0.17,1050
183,5,1026.40,1022.01,1024.15,862.90,0.17,1050
184,6,1026.40,1022.01,1024.81,825.58,0.17,1050
185,6,1026.40,1022.01,1024.06,819.23,0.17,1050
186,6,1026.40,1022.01,1023.14,844.01,0.17,1050
187,6,1026.40,1022.01,1026.08,871.11,0.17,1050
188,6,1026.40,1022.01,1022.13,921.14,0.17,1050
189,6,1026.40,1022.01,1024.02,904.56,0.17,1050
190,6,1026.40,1022.01,1021.73,957.48,0.17,1050
191,6,1026.40,1022.01,1022.39,926.86,0.17,1050
192,6,1026.40,1022.01,1021.58,975.45,0.17,1050
193,6,1026.40,1022.01,1023.94,884.14,0.17,1050
194,6,1026.40,1022.01,1025.60,1001.02,0.17,1050
195,6,1026.40,1022.01,1023.71,953.58,0.17,1050
196,6,1026.40,1022.01,1022.50,925.65,0.17,1050
197,6,1026.40,1022.01,1023.76,909.07,0.17,1050
198,6,1026.40,1022.01,1024.43,972.21,0.17,1050
199,6,1026.40,1022.01,1023.19,932.05,0.17,1050
200,6,1026.40,1022.01,1023.52,963.93,0.17,1050
201,6,1026.40,1022.01,1021.32,891.36,0.17,1050
202,6,1026.40,1022.01,1023.28,907.66,0.17,1050
203,6,1026.40,1022.01,1025.91,939.05,0.17,1050
204,6,1026.40,1022.01,1022.13,890.20,0.17,1050
205,6,1026.40,1022.01,1022.98,924.22,0.17,1050
207,6,1026.40,1022.01,1024.32,812.00,0.17,1050
208,6,1026.40,1022.01,1021.91,853.61,0.17,1050
210,7,1026.40,1022.01,1024.40,874.55,0.17,1050
211,7,1026.40,1022.01,1022.62,890.03,0.17,1050
212,7,1026.40,1022.01,1023.30,959.05,0.17,1050
213,7,1026.40,1022.01,1021.43,888.21,0.17,1050
214,7,1026.40,1022.01,1022.38,973.29,0.17,1050
215,7,1026.40,1022.01,1023.18,942.24,0.17,1050
216,7,1026.40,1022.01,1022.82,905.32,0.17,1050
217,7,1026.40,1022.01,1022.80,948.19,0.17,1050
218,7,1026.40,1022.01,1024.30,965.88,0.17,1050
219,7,1026.40,1022.01,1023.99,971.38,0.17,1050
220,7,1026.40,1022.01,1023.89,968.42,0.17,1050
221,7,1026.40,1022.01,1023.35,932.09,0.17,1050
222,7,1026.40,1022.01,1024.43,831.71,0.17,1050
223,7,1026.40,1022.01,1024.74,930.62,0.17,1050
224,7,1026.40,1022.01,1022.49,797.85,0.17,1050
225,7,1026.40,1022.01,1022.34,825.34,0.17,1050
226,7,1026.40,1022.01,1024.26,934.00,0.17,1050
227,7,1026.40,1022.01,1025.40,861.10,0.17,1050
229,7,1026.40,1022.01,1023.27,991.29,0.17,1050
231,7,1026.40,1022.01,1025.27,892.62,0.17,1050
232,7,1026.40,1022.01,1023.73,839.35,0.17,1050
233,7,1026.40,1022.01,1022.53,865.10,0.17,1050
234,7,1026.40,1022.01,1021.39,912.29,0.17,1050
236,8,1026.40,1022.01,1024.80,946.04,0.17,1050
238,8,1026.40,1022.01,1021.39,1015.89,0.17,1050
240,8,1026.40,1022.01,1022.88,962.56,0.17,1050
242,8,1026.40,1022.01,1022.23,966.75,0.17,1050
244,8,1026.40,1022.01,1023.56,1010.44,0.17,1050
246,8,1026.40,1022.01,1024.35,1017.67,0.17,1050
248,8,1026.40,1022.01,1023.72,932.41,0.17,1050
250,8,1026.40,1022.01,1022.14,1015.79,0.17,1050
252,8,1026.40,1022.01,1023.64,973.12,0.17,1050
254,8,1026.40,1022.01,1024.04,883.83,0.17,1050
255,8,1026.40,1022.01,1023.91,836.97,0.17,1050
257,8,1026.40,1022.01,1022.75,850.32,0.17,1050
259,8,1026.40,1022.01,1026.26,999.32,0.17,1050
260,9,1026.40,1022.01,1024.55,964.98,0.17,1050
261,9,1027.52,1022.01,1027.52,921.81,0.17,1050
262,9,1027.52,1022.01,1024.82,913.88,0.17,1050
264,9,1027.52,1022.01,1024.21,852.62,0.17,1050
266,9,1027.52,1022.01,1024.47,866.37,0.17,1050
268,9,1027.52,1022.01,1023.80,869.86,0.17,1050
269,9,1027.52,1022.01,1023.99,962.89,0.17,1050
270,9,1027.52,1022.01,1022.66,969.70,0.17,1050
272,9,1027.52,1022.01,1023.30,815.53,0.17,1050
274,9,1027.52,1022.01,1024.87,1015.46,0.17,1050
275,9,1027.52,1022.01,1024.23,971.86,0.17,1050
277,9,1027.52,1022.01,1024.16,1016.30,0.17,1050
278,9,1027.52,1022.01,1023.35,906.36,0.17,1050
279,9,1027.52,1022.01,1024.46,965.94,0.17,1050
280,9,1027.52,1022.01,1024.16,942.10,0.17,1050
282,9,1027.52,1022.26,1026.52,892.59,0.16,1050
283,9,1027.52,1022.26,1025.25,891.48,0.16,1050
285,9,1027.52,1022.26,1024.51,968.72,0.16,1050
286,10,1027.52,1022.26,1023.62,931.55,0.16,1050
288,10,1027.52,1022.26,1024.53,829.02,0.16,1100
290,10,1027.52,1022.26,1026.59,887.63,0.16,1100
292,10,1027.52,1022.26,1023.57,940.66,0.16,1100
294,10,1027.52,1022.26,1024.88,998.74,0.16,1100
296,10,1027.52,1022.26,1023.25,854.61,0.16,1100
297,10,1027.52,1022.26,1025.46,929.44,0.16,1100
298,10,1027.52,1022.26,1024.04,961.90,0.16,1100
299,10,1027.52,1022.26,1025.08,851.97,0.16,1100
300,10,1027.52,1022.26,1023.56,898.08,0.16,1100
301,10,1027.52,1022.26,1024.80,871.81,0.16,1100
302,10,1027.52,1022.26,1023.61,899.14,0.16,1100
303,10,1027.52,1022.26,1024.88,936.74,0.16,1100
304,10,1027.52,1022.26,1025.91,854.23,0.16,1100
305,10,1027.52,1022.26,1024.62,972.17,0.16,1100
306,10,1027.52,1022.26,1024.91,924.22,0.16,1100
307,10,1027.52,1022.26,1023.54,886.12,0.16,1100
308,10,1027.52,1022.26,1024.05,949.67,0.16,1100
309,10,1027.52,1022.26,1024.72,869.77,0.16,1100
310,10,1027.52,1022.26,1023.67,846.28,0.16,1100
311,10,1027.52,1022.26,1024.00,975.22,0.16,1100
312,11,1027.52,1022.26,1022.58,972.94,0.16,1100
313,11,1027.52,1022.26,1025.03,899.33,0.16,1100
314,11,1027.52,1022.26,1025.00,912.54,0.16,1100
315,11,1027.52,1022.26,1023.80,961.31,0.16,1100
316,11,1027.52,1022.26,1021.79,943.56,0.16,1100
318,11,1027.52,1022.26,1022.68,908.05,0.16,1100
319,11,1027.52,1022.26,1024.46,882.16,0.16,1100
320,11,1027.52,1022.26,1023.96,973.08,0.16,1100
321,11,1027.52,1022.26,1024.31,818.98,0.16,1100
322,11,1027.52,1022.26,1024.47,889.47,0.16,1100
324,11,1049.38,1022.26,1049.38,951.57,0.16,1100
326,11,1049.38,1022.26,1025.23,805.05,0.16,1100
328,11,1049.38,1022.26,1024.81,972.30,0.16,1100
329,11,1049.38,1022.26,1024.21,911.91,0.16,1100
330,11,1049.38,1022.26,1023.50,944.89,0.16,1100
331,11,1049.38,1022.26,1024.13,1018.40,0.16,1100
332,11,1049.38,1022.26,1023.45,932.85,0.16,1100
333,11,1049.38,1022.26,1023.90,843.73,0.16,1100
334,11,1049.38,1022.26,1024.64,911.05,0.16,1100
335,11,1049.38,1022.26,1023.36,784.29,0.16,1100
337,11,1049.38,1022.26,1025.17,879.10,0.16,1100
338,12,1049.38,1022.26,1024.93,896.01,0.16,1100
339,12,1049.38,1022.26,1025.87,944.07,0.16,1100
340,12,1049.38,1022.26,1024.91,930.09,0.16,1100
341,12,1049.38,1022.26,1024.17,909.25,0.16,1100
342,12,1049.38,1022.26,1023.83,993.77,0.16,1100
343,12,1049.38,1022.26,1024.14,964.91,0.16,1100
344,12,1049.38,1022.26,1021.51,966.67,0.16,1100
345,12,1049.38,1022.26,1022.64,980.31,0.16,1100
346,12,1049.38,1022.26,1024.02,979.58,0.16,1100
347,12,1049.38,1022.26,1022.76,983.48,0.16,1100
348,12,1049.38,1022.26,1024.46,971.03,0.16,1100
349,12,1049.38,1022.26,1024.73,986.87,0.16,1100
351,12,1049.38,1022.26,1023.55,970.19,0.16,1100
353,12,1049.38,1022.26,1024.13,947.08,0.16,1100
355,12,1049.38,1022.26,1024.29,950.34,0.16,1100
356,12,1049.38,1022.26,1022.18,985.79,0.16,1100
358,12,1049.38,1022.26,1023.30,933.20,0.16,1100
360,12,1049.38,1022.26,1022.15,856.40,0.16,1100
362,13,1049.38,1022.26,1023.86,991.37,0.16,1100
364,13,1049.38,1022.26,1023.19,992.07,0.16,1100
366,13,1049.38,1022.26,1022.25,920.73,0.16,1100
368,13,1049.38,1022.26,1023.73,972.33,0.16,1100
370,13,1049.38,1022.26,1025.48,922.97,0.16,1100
372,13,1049.38,1022.26,1025.20,973.08,0.16,1100
374,13,1049.38,1022.26,1024.71,947.02,0.16,1100
376,13,1049.38,1022.26,1024.74,883.60,0.16,1100
377,13,1049.38,1022.26,1026.62,880.16,0.16,1100
378,13,1049.38,1022.26,1024.36,895.15,0.16,1100
379,13,1049.38,1022.26,1023.99,902.48,0.16,1100
380,13,1049.38,1022.26,1024.17,834.34,0.16,1100
381,13,1049.38,1022.26,1023.28,900.66,0.16,1100
382,13,1049.38,1022.26,1024.10,907.69,0.16,1100
383,13,1049.38,1022.26,1023.49,897.91,0.16,1100
384,13,1049.38,1022.26,1023.62,917.12,0.16,1100
385,13,1049.38,1022.26,1021.87,904.90,0.16,1100
386,13,1049.38,1022.26,1023.39,930.79,0.16,1100
387,13,1049.38,1022.26,1023.38,859.74,0.16,1100
388,14,1049.38,1022.26,1023.23,853.44,0.16,1100
389,14,1049.38,1022.26,1024.06,938.83,0.16,1100
390,14,1049.38,1022.26,1023.42,976.72,0.16,1100
391,14,1049.38,1022.26,1023.81,947.87,0.16,1100
392,14,1049.38,1022.26,1023.22,986.35,0.16,1100
393,14,1049.38,1022.26,1023.80,993.06,0.16,1100
394,14,1049.38,1022.26,1022.73,938.95,0.15,1100
395,14,1049.38,1022.26,1023.46,993.68,0.15,1100
397,14,1049.38,1022.26,1024.58,868.50,0.15,1100
399,14,1049.38,1022.26,1021.97,988.84,0.15,1100
401,14,1049.38,1022.26,1024.17,955.07,0.15,1100
403,14,1049.38,1022.26,1022.64,988.20,0.15,1100
404,14,1049.38,1022.26,1020.96,987.82,0.15,1100
405,14,1049.38,1022.26,1024.35,861.81,0.15,1100
406,14,1049.38,1022.26,1025.26,982.77,0.15,1100
407,14,1049.38,1022.26,1023.03,942.85,0.15,1100
408,14,1049.38,1022.26,1026.69,970.35,0.15,1100
409,14,1049.38,1022.26,1022.99,996.69,0.15,1100
410,14,1049.38,1022.26,1023.43,943.10,0.15,1100
412,15,1049.38,1022.26,1024.60,986.12,0.15,1100
414,15,1049.38,1022.26,1026.52,954.51,0.15,1150
415,15,1049.38,1022.26,1025.01,969.58,0.15,1150
417,15,1049.38,1022.30,1023.78,946.89,0.15,1150
418,15,1049.38,1022.30,1025.41,892.59,0.15,1150
419,15,1049.38,1022.30,1022.97,864.87,0.15,1150
420,15,1049.38,1022.30,1026.05,942.50,0.15,1150
421,15,1049.38,1022.30,1023.19,870.27,0.15,1150
422,15,1049.38,1022.30,1026.60,950.17,0.15,1150
423,15,1049.38,1022.30,1025.76,931.09,0.15,1150
424,15,1049.38,1022.30,1024.59,983.15,0.15,1150
425,15,1049.38,1022.30,1025.27,934.97,0.15,1150
426,15,1049.38,1022.30,1024.13,977.22,0.15,1150
427,15,1049.38,1022.30,1024.60,895.28,0.15,1150
428,15,1049.38,1022.30,1023.91,800.66,0.15,1150
429,15,1049.38,1022.30,1023.90,873.51,0.15,1150
430,15,1049.38,1022.30,1024.78,893.21,0.15,1150
431,15,1049.38,1022.30,1026.42,963.88,0.15,1150
432,15,1049.38,1022.62,1027.75,854.69,0.15,1150
434,15,1049.38,1022.62,1022.83,967.41,0.15,1150
435,15,1049.38,1022.62,1027.01,988.28,0.15,1150
436,15,1049.38,1022.62,1023.77,912.90,0.15,1150
437,15,1049.38,1022.62,1024.50,921.44,0.15,1150
438,16,1049.38,1022.62,1024.93,909.92,0.15,1150
439,16,1049.38,1022.62,1024.97,968.16,0.15,1150
440,16,1049.38,1022.62,1024.38,839.40,0.15,1150
441,16,1049.38,1022.62,1025.66,984.35,0.15,1150
442,16,1049.38,1022.62,1025.45,983.79,0.15,1150
443,16,1049.38,1022.62,1025.12,831.93,0.15,1150
444,16,1049.38,1022.62,1026.16,1006.81,0.15,1150
445,16,1049.38,1022.62,1023.82,978.08,0.15,1150
446,16,1049.38,1022.62,1025.26,983.97,0.15,1150
447,16,1049.38,1022.62,1024.67,948.13,0.15,1150
448,16,1049.38,1022.92,1025.46,940.58,0.15,1150
449,16,1049.38,1022.92,1023.37,975.85,0.15,1150
450,16,1049.38,1022.92,1025.05,923.90,0.15,1150
451,16,1049.38,1022.92,1025.40,956.09,0.15,1150
452,16,1049.38,1022.92,1025.12,899.11,0.15,1150
454,16,1049.38,1022.92,1025.56,937.41,0.15,1150
455,16,1049.38,1022.92,1026.76,964.28,0.15,1150
456,16,1049.38,1022.92,1024.60,914.52,0.15,1150
457,16,1049.38,1022.92,1023.08,950.46,0.15,1150
458,16,1049.38,1022.92,1025.47,909.04,0.15,1150
459,16,1049.38,1022.92,1025.06,912.88,0.15,1150
460,16,1049.38,1022.92,1026.01,943.64,0.15,1150
461,16,1049.38,1022.92,1024.79,917.73,0.15,1150
462,16,1049.38,1022.92,1025.88,984.39,0.15,1150
463,17,1049.38,1022.92,1025.12,990.69,0.15,1150
464,17,1049.38,1022.92,1025.40,927.63,0.15,1150
465,17,1049.38,1022.92,1024.89,993.72,0.15,1150
466,17,1049.38,1022.92,1024.37,971.85,0.15,1150
467,17,1049.38,1022.92,1024.71,883.15,0.15,1150
468,17,1049.38,1022.92,1025.93,894.44,0.15,1150
469,17,1049.38,1022.92,1024.59,984.21,0.15,1150
470,17,1049.38,1022.92,1025.99,996.61,0.15,1150
471,17,1049.38,1022.92,1024.55,971.77,0.15,1150
472,17,1049.38,1022.92,1025.53,954.81,0.15,1150
473,17,1049.38,1022.92,1025.30,968.70,0.15,1150
474,17,1049.38,1022.92,1025.27,954.50,0.15,1150
476,17,1049.38,1022.92,1025.24,874.42,0.15,1150
477,17,1049.38,1022.92,1025.00,942.31,0.15,1150
478,17,1049.38,1022.92,1023.73,871.76,0.15,1150
479,17,1049.38,1022.92,1034.43,959.32,0.15,1150
480,17,1049.38,1022.92,1024.19,962.90,0.15,1150
481,17,1049.38,1022.92,1023.90,883.14,0.15,1150
482,17,1049.38,1022.92,1023.71,889.80,0.15,1150
483,17,1049.38,1022.92,1026.65,886.43,0.15,1150
484,17,1049.38,1022.92,1024.74,930.23,0.15,1150
485,17,1049.38,1022.92,1026.64,854.92,0.15,1150
486,17,1049.38,1022.92,1023.95,878.94,0.15,1150
488,18,1049.38,1022.92,1022.68,892.75,0.15,1150
490,18,1049.38,1022.92,1023.46,926.73,0.15,1150
492,18,1049.38,1022.92,1025.18,1002.27,0.15,1150
493,18,1049.38,1022.92,1025.95,870.47,0.15,1150
494,18,1049.38,1022.92,1025.54,967.19,0.15,1150
495,18,1049.38,1022.92,1025.77,893.69,0.15,1150
496,18,1049.38,1022.92,1023.71,843.31,0.15,1150
497,18,1049.38,1022.92,1024.39,906.85,0.15,1150
498,18,1049.38,1022.92,1025.29,938.27,0.15,1150
499,18,1049.38,1022.92,1024.31,994.93,0.15,1150
500,18,1049.38,1022.92,1024.04,973.23,0.15,1150
501,18,1049.38,1022.92,1025.35,827.50,0.15,1150
502,18,1049.38,1022.92,1024.86,901.93,0.15,1150
503,18,1049.38,1022.92,1025.55,940.53,0.15,1150
505,18,1049.38,1022.92,1024.56,976.97,0.15,1150
507,18,1049.38,1022.92,1024.55,891.97,0.15,1150
509,18,1049.38,1022.92,1024.84,768.06,0.15,1150
510,18,1049.38,1022.92,1024.67,845.79,0.15,1150
511,18,1049.38,1022.92,1025.05,868.01,0.15,1150
512,18,1049.38,1022.92,1026.63,994.36,0.15,1150
513,18,1049.38,1022.92,1024.61,907.97,0.14,1150
515,19,1049.38,1022.92,1023.58,1018.70,0.14,1150
516,19,1049.38,1022.92,1024.80,875.80,0.14,1150
517,19,1049.38,1022.92,1025.65,857.31,0.14,1150
518,19,1049.38,1022.92,1025.78,887.17,0.14,1150
519,19,1049.38,1022.92,1027.06,924.40,0.14,1150
520,19,1049.38,1022.92,1026.23,945.20,0.14,1150
521,19,1049.38,1022.92,1026.43,940.80,0.14,1150
522,19,1049.38,1022.92,1024.36,995.82,0.14,1150
524,19,1049.38,1022.92,1026.20,972.62,0.14,1150
526,19,1049.38,1022.92,1023.95,929.36,0.14,1150
527,19,1049.38,1022.92,1025.06,910.29,0.14,1150
529,19,1049.38,1022.92,1026.01,951.49,0.14,1150
531,19,1049.38,1022.92,1025.55,988.10,0.14,1150
533,19,1049.38,1022.92,1024.73,864.22,0.14,1150
535,19,1049.38,1024.67,1026.11,969.85,0.14,1150
537,19,1049.38,1024.67,1026.70,890.17,0.14,1150
539,20,1049.38,1024.67,1027.26,947.04,0.14,1150
541,20,1049.38,1024.67,1025.70,967.42,0.14,1200
543,20,1049.38,1024.67,1025.37,932.92,0.14,1200
545,20,1049.38,1024.67,1024.34,798.87,0.14,1200
547,20,1049.38,1024.67,1026.04,941.96,0.14,1200
549,20,1049.38,1024.67,1025.61,910.42,0.14,1200
551,20,1049.38,1024.67,1024.74,939.05,0.14,1200
553,20,1049.38,1024.67,1026.57,952.81,0.14,1200
555,20,1049.38,1024.67,1024.56,870.91,0.14,1200
557,20,1049.38,1024.67,1023.79,869.43,0.14,1200
558,20,1049.38,1024.67,1026.63,890.40,0.14,1200
559,20,1049.38,1024.67,1026.51,957.18,0.14,1200
560,20,1049.38,1024.67,1026.44,923.75,0.14,1200
561,20,1049.38,1024.67,1028.06,928.98,0.14,1200
562,20,1049.38,1024.67,1026.09,932.67,0.14,1200
563,20,1049.38,1024.67,1025.50,865.98,0.14,1200
565,21,1049.38,1024.67,1027.08,861.93,0.14,1200
566,21,1049.38,1024.67,1026.34,920.89,0.14,1200
567,21,1049.38,1024.67,1026.19,952.08,0.14,1200
568,21,1049.38,1024.67,1025.95,933.68,0.14,1200
569,21,1049.38,1024.67,1026.67,1004.15,0.14,1200
570,21,1049.38,1024.67,1022.78,888.07,0.14,1200
571,21,1049.38,1024.67,1025.37,946.05,0.14,1200
573,21,1049.38,1024.67,1026.46,975.18,0.14,1200
574,21,1049.38,1024.67,1026.51,957.31,0.14,1200
575,21,1049.38,1024.67,1025.77,943.87,0.14,1200
577,21,1049.38,1024.67,1026.03,1020.77,0.14,1200
579,21,1049.38,1024.67,1024.45,948.89,0.14,1200
580,21,1049.38,1024.67,1023.38,894.44,0.14,1200
581,21,1049.38,1024.67,1027.04,908.76,0.14,1200
582,21,1049.38,1024.67,1025.15,934.81,0.14,1200
583,21,1049.38,1024.67,1026.40,1004.20,0.14,1200
584,21,1049.38,1024.67,1027.02,976.08,0.14,1200
585,21,1049.38,1024.67,1025.59,981.50,0.14,1200
586,21,1049.38,1024.67,1027.02,1019.47,0.14,1200
587,21,1049.38,1024.67,1026.99,976.65,0.14,1200
588,21,1049.38,1024.67,1023.30,972.60,0.14,1200
589,21,1049.38,1024.67,1027.66,966.63,0.14,1200
590,22,1049.38,1024.67,1032.43,906.64,0.14,1200
591,22,1049.38,1024.67,1026.23,890.91,0.14,1200
592,22,1049.38,1024.67,1025.04,857.88,0.14,1200
593,22,1049.38,1024.67,1025.83,898.51,0.14,1200
594,22,1049.38,1024.67,1025.44,992.17,0.14,1200
595,22,1049.38,1024.67,1024.18,991.94,0.14,1200
596,22,1049.38,1024.67,1026.53,949.89,0.14,1200
597,22,1049.38,1024.67,1026.55,1020.24,0.14,1200
598,22,1049.38,1024.67,1025.69,1000.36,0.14,1200
599,22,1049.38,1024.67,1025.62,953.58,0.14,1200
600,22,1049.38,1024.67,1027.18,979.75,0.14,1200
601,22,1049.38,1024.67,1026.50,932.27,0.14,1200
602,22,1049.38,1024.67,1024.79,957.51,0.14,1200
603,22,1049.38,1024.67,1025.44,925.75,0.14,1200
604,22,1049.38,1024.67,1027.41,925.79,0.14,1200
605,22,1049.38,1024.67,1025.31,929.22,0.14,1200
606,22,1049.38,1024.67,1025.98,927.37,0.14,1200
607,22,1049.38,1024.67,1026.27,907.98,0.14,1200
608,22,1049.38,1024.67,1026.65,922.71,0.13,1200
609,22,1049.38,1024.67,1027.78,992.82,0.13,1200
610,22,1049.38,1024.67,1026.42,984.91,0.13,1200
611,22,1049.38,1024.67,1028.29,970.39,0.13,1200
613,22,1049.38,1024.67,1025.49,980.02,0.13,1200
615,23,1049.38,1024.67,1026.03,957.08,0.13,1200
616,23,1049.38,1024.67,1028.46,940.01,0.13,1200
617,23,1049.38,1024.67,1027.86,901.41,0.13,1200
618,23,1049.38,1024.67,1028.06,875.23,0.13,1200
620,23,1049.38,1024.67,1026.27,944.52,0.13,1200
621,23,1049.38,1024.67,1027.47,956.14,0.13,1200
622,23,1049.38,1024.67,1027.65,953.84,0.13,1200
623,23,1049.38,1024.67,1028.09,916.77,0.13,1200
625,23,1049.38,1024.67,1030.82,853.64,0.13,1200
626,23,1049.38,1024.67,1024.73,957.95,0.13,1200
627,23,1049.38,1024.67,1026.39,913.44,0.13,1200
628,23,1049.38,1024.67,1026.13,976.61,0.13,1200
629,23,1049.38,1024.67,1026.53,990.84,0.13,1200
630,23,1049.38,1024.67,1026.95,904.57,0.13,1200
631,23,1049.38,1024.67,1026.31,903.38,0.13,1200
632,23,1049.38,1024.67,1027.51,872.84,0.13,1200
633,23,1049.38,1024.67,1025.20,977.22,0.13,1200
634,23,1049.38,1024.67,1026.69,971.39,0.13,1200
636,23,1049.38,1024.67,1027.69,905.41,0.13,1200
638,23,1049.38,1024.67,1025.77,966.79,0.13,1200
639,23,1049.38,1024.77,1026.96,913.55,0.13,1200
640,24,1049.38,1024.77,1027.51,965.40,0.13,1200
642,24,1049.38,1024.77,1026.37,922.22,0.13,1200
643,24,1049.38,1024.77,1026.79,939.00,0.13,1200
644,24,1049.38,1024.77,1026.66,914.55,0.13,1200
645,24,1049.38,1024.77,1025.80,862.80,0.13,1200
646,24,1049.38,1024.77,1025.81,909.23,0.13,1200
647,24,1049.38,1024.77,1026.02,833.75,0.13,1200
648,24,1049.38,1024.77,1026.68,858.73,0.13,1200
650,24,1049.38,1024.77,1027.33,944.17,0.13,1200
651,24,1049.38,1024.77,1025.40,931.53,0.13,1200
652,24,1049.38,1024.77,1025.26,928.49,0.13,1200
653,24,1049.38,1024.77,1024.79,968.03,0.13,1200
654,24,1049.38,1024.77,1026.94,884.56,0.13,1200
655,24,1049.38,1024.77,1026.59,944.92,0.13,1200
656,24,1049.38,1024.77,1025.48,1018.50,0.13,1200
657,24,1049.38,1024.77,1024.90,993.35,0.13,1200
658,24,1049.38,1024.77,1025.89,1016.96,0.13,1200
659,24,1049.38,1024.77,1025.26,936.70,0.13,1200
660,24,1049.38,1024.77,1025.26,997.29,0.13,1200
661,24,1049.38,1024.77,1024.81,924.59,0.13,1200
662,24,1049.38,1024.77,1025.58,904.84,0.13,1200
663,24,1049.38,1024.77,1025.63,947.82,0.13,1200
665,25,1049.38,1024.77,1024.76,951.38,0.13,1200
666,25,1049.38,1024.77,1025.75,971.37,0.13,1250
668,25,1049.38,1024.77,1024.24,911.94,0.13,1250
670,25,1049.38,1024.77,1025.53,979.81,0.13,1250
672,25,1049.38,1024.77,1024.58,966.07,0.13,1250
674,25,1049.38,1024.77,1026.26,933.55,0.13,1250
675,25,1049.38,1024.77,1025.27,998.46,0.13,1250
676,25,1049.38,1024.77,1024.62,995.45,0.13,1250
677,25,1049.38,1024.77,1025.63,981.69,0.13,1250
678,25,1049.38,1024.77,1025.60,950.07,0.13,1250
679,25,1049.38,1024.77,1025.26,981.37,0.13,1250
680,25,1049.38,1024.77,1027.87,1020.11,0.13,1250
681,25,1049.38,1024.77,1025.57,969.65,0.13,1250
682,25,1049.38,1024.77,1024.78,976.42,0.13,1250
683,25,1049.38,1024.77,1026.52,991.40,0.13,1250
684,25,1049.38,1024.77,1024.77,945.42,0.13,1250
686,25,1049.38,1024.77,1025.49,965.12,0.13,1250
687,25,1049.38,1024.77,1025.97,998.19,0.13,1250
688,25,1049.38,1024.77,1025.33,995.18,0.13,1250
689,26,1049.38,1024.77,1025.11,969.45,0.13,1250
690,26,1049.38,1024.77,1025.98,897.98,0.13,1250
691,26,1049.38,1024.77,1025.32,922.54,0.13,1250
692,26,1049.38,1024.77,1025.61,958.78,0.13,1250
693,26,1049.38,1024.77,1025.05,1019.45,0.13,1250
694,26,1049.38,1024.77,1023.19,952.23,0.13,1250
695,26,1049.38,1024.77,1024.47,903.56,0.13,1250
696,26,1049.38,1024.77,1027.63,898.72,0.13,1250
697,26,1049.38,1024.77,1024.99,950.21,0.13,1250
698,26,1049.38,1024.77,1028.25,892.38,0.13,1250
699,26,1049.38,1024.77,1028.13,921.06,0.13,1250
700,26,1049.38,1024.77,1028.50,946.14,0.13,1250
701,26,1049.38,1024.77,1026.50,844.39,0.13,1250
702,26,1049.38,1024.77,1029.33,945.11,0.13,1250
703,26,1049.38,1024.77,1025.93,932.03,0.13,1250
705,26,1049.38,1024.77,1027.04,1000.05,0.13,1250
707,26,1049.38,1024.77,1027.65,933.55,0.13,1250
709,26,1049.38,1024.77,1027.37,954.89,0.13,1250
711,26,1049.38,1024.77,1026.73,883.67,0.13,1250
713,26,1049.38,1024.77,1027.35,918.32,0.13,1250
714,26,1049.38,1024.77,1027.94,953.30,0.13,1250
715,27,1049.38,1024.77,1027.35,947.31,0.13,1250
716,27,1049.38,1024.77,1024.41,891.93,0.13,1250
718,27,1049.38,1024.77,1025.47,952.90,0.13,1250
720,27,1049.38,1024.77,1026.48,994.61,0.13,1250
722,27,1049.38,1029.60,1027.39,945.40,0.13,1250
723,27,1049.38,1029.60,1024.86,981.70,0.13,1250
724,27,1049.38,1029.60,1026.13,932.87,0.13,1250
726,27,1049.38,1029.60,1025.50,1020.24,0.13,1250
727,27,1049.38,1029.60,1025.51,996.08,0.13,1250
728,27,1049.38,1029.60,1025.79,979.90,0.13,1250
729,27,1049.38,1029.60,1027.00,961.78,0.13,1250
730,27,1049.38,1029.60,1027.96,923.69,0.13,1250
731,27,1049.38,1029.60,1026.07,965.10,0.13,1250
733,27,1049.38,1029.60,1029.14,917.52,0.13,1250
735,27,1049.38,1029.60,1027.43,1000.64,0.13,1250
736,27,1049.38,1029.60,1024.97,993.37,0.13,1250
738,27,1049.38,1029.60,1026.96,868.35,0.13,1250
740,28,1049.38,1029.60,1026.23,928.09,0.13,1250
742,28,1049.38,1029.60,1035.14,1008.92,0.13,1250
744,28,1049.38,1029.60,1026.82,996.82,0.13,1250
746,28,1049.38,1029.60,1025.84,947.20,0.13,1250
748,28,1049.38,1029.60,1024.04,969.01,0.13,1250
749,28,1049.38,1029.60,1025.75,923.40,0.13,1250
751,28,1049.38,1029.60,1026.37,970.81,0.13,1250
753,28,1049.38,1029.60,1025.55,1007.13,0.13,1250
754,28,1049.38,1029.60,1026.09,932.31,0.13,1250
755,28,1049.38,1029.60,1025.87,996.50,0.13,1250
756,28,1049.38,1029.60,1027.40,967.92,0.13,1250
757,28,1049.38,1029.60,1025.69,1001.69,0.13,1250
758,28,1049.38,1029.60,1025.29,900.86,0.13,1250
759,28,1049.38,1031.37,1024.43,947.77,0.13,1250
760,28,1049.38,1031.37,1027.24,1003.27,0.13,1250
761,28,1049.38,1031.37,1029.54,950.08,0.13,1250
762,28,1049.38,1031.37,1028.78,961.80,0.13,1250
763,28,1049.38,1031.37,1025.26,957.07,0.13,1250
764,29,1049.38,1031.37,1026.54,949.54,0.13,1250
765,29,1049.38,1031.37,1029.86,837.44,0.13,1250
766,29,1049.38,1031.37,1026.79,1004.47,0.13,1250
767,29,1049.38,1031.37,1025.73,983.80,0.13,1250
768,29,1049.38,1031.37,1023.32,905.53,0.13,1250
769,29,1049.38,1031.37,1024.64,977.06,0.13,1250
770,29,1049.38,1031.37,1026.68,1006.69,0.13,1250
771,29,1049.38,1031.37,1025.87,923.32,0.13,1250
772,29,1049.38,1031.37,1026.19,958.70,0.13,1250
773,29,1049.38,1031.37,1024.21,965.93,0.13,1250
774,29,1049.38,1031.37,1036.78,1003.70,0.13,1250
775,29,1049.38,1031.37,1025.20,959.88,0.13,1250
776,29,1049.38,1031.37,1023.87,993.84,0.13,1250
777,29,1049.38,1031.37,1024.24,998.43,0.13,1250
778,29,1049.38,1031.37,1022.68,982.27,0.13,1250
779,29,1049.38,1031.37,1027.43,953.94,0.13,1250
780,29,1049.38,1031.37,1026.48,997.78,0.13,1250
781,29,1049.38,1031.37,1027.36,969.14,0.13,1250
782,29,1049.38,1031.37,1026.06,862.20,0.13,1250
783,29,1049.38,1031.37,1024.57,959.65,0.13,1250
784,29,1049.38,1031.37,1024.87,948.76,0.13,1250
785,29,1049.38,1031.37,1026.11,1001.49,0.13,1250
786,29,1049.38,1031.37,1026.75,998.90,0.13,1250
787,29,1049.38,1031.37,1026.65,917.17,0.13,1250
788,30,1049.38,1031.37,1026.57,971.25,0.13,1250
789,30,1049.38,1031.37,1025.14,953.44,0.13,1300
790,30,1049.38,1031.37,1026.50,987.62,0.13,1300
792,30,1049.38,1031.37,1025.21,969.97,0.13,1300
793,30,1049.38,1031.37,1025.60,984.33,0.13,1300
794,30,1049.38,1031.37,1025.43,981.18,0.13,1300
795,30,1049.38,1031.37,1027.49,1000.76,0.13,1300
796,30,1049.38,1031.37,1024.98,961.15,0.13,1300
797,30,1049.38,1031.37,1025.57,996.65,0.13,1300
798,30,1049.38,1031.37,1027.03,975.79,0.13,1300
799,30,1049.38,1031.37,1036.91,967.79,0.13,1300
800,30,1049.38,1031.37,1024.92,1020.14,0.13,1300
801,30,1049.38,1031.37,1025.66,981.55,0.13,1300
802,30,1049.38,1031.37,1026.15,924.12,0.13,1300
803,30,1049.38,1031.37,1047.24,901.48,0.13,1300
804,30,1049.38,1031.37,1027.08,979.61,0.13,1300
805,30,1049.38,1031.37,1027.85,955.63,0.13,1300
806,30,1049.38,1031.37,1027.51,954.11,0.13,1300
807,30,1049.38,1031.37,1026.60,892.47,0.13,1300
808,30,1049.38,1031.37,1026.98,970.05,0.13,1300
809,30,1049.38,1031.37,1027.71,1019.88,0.13,1300
810,30,1049.38,1031.37,1028.14,993.89,0.13,1300
811,30,1049.38,1031.37,1032.71,974.53,0.13,1300
812,30,1049.38,1031.37,1026.01,980.14,0.13,1300
813,31,1049.38,1031.37,1024.93,979.38,0.13,1300
814,31,1049.38,1031.37,1024.69,989.62,0.13,1300
815,31,1049.38,1031.37,1026.90,987.57,0.13,1300
816,31,1049.38,1031.37,1025.00,997.24,0.13,1300
817,31,1049.38,1031.37,1025.43,903.92,0.13,1300
819,31,1049.38,1031.37,1042.58,968.49,0.13,1300
820,31,1049.38,1031.37,1027.66,995.33,0.13,1300
821,31,1049.38,1031.37,1041.99,954.85,0.13,1300
822,31,1049.38,1031.37,1030.17,979.28,0.13,1300
823,31,1049.38,1031.37,1025.44,941.46,0.13,1300
824,31,1049.38,1031.37,1024.99,975.38,0.13,1300
825,31,1049.38,1031.37,1024.91,983.79,0.13,1300
827,31,1049.38,1031.37,1023.94,1013.57,0.13,1300
829,31,1049.38,1031.37,1027.00,948.09,0.13,1300
830,31,1049.38,1031.37,1027.94,926.52,0.13,1300
832,31,1049.38,1031.37,1025.85,988.71,0.13,1300
834,31,1049.38,1031.37,1024.78,947.81,0.13,1300
836,31,1049.38,1031.37,1025.31,974.30,0.13,1300
838,32,1049.38,1031.37,1026.21,971.17,0.14,1300
840,32,1049.38,1031.37,1027.46,862.31,0.14,1300
842,32,1049.38,1031.37,1026.83,889.56,0.14,1300
843,32,1049.38,1031.37,1026.59,889.44,0.14,1300
844,32,1049.38,1031.37,1043.41,948.03,0.14,1300
845,32,1049.38,1031.37,1027.18,952.00,0.14,1300
846,32,1049.38,1031.37,1028.18,981.79,0.14,1300
847,32,1049.38,1031.37,1028.58,981.77,0.14,1300
848,32,1049.38,1031.37,1041.13,951.76,0.14,1300
849,32,1049.38,1031.37,1038.55,884.36,0.14,1300
850,32,1049.38,1031.37,1025.48,892.50,0.14,1300
851,32,1049.38,1031.37,1028.33,894.66,0.14,1300
852,32,1049.38,1031.37,1028.00,890.02,0.14,1300
853,32,1049.38,1031.37,1044.59,981.77,0.14,1300
854,32,1049.38,1031.37,1025.83,981.35,0.14,1300
856,32,1049.38,1031.37,1026.18,968.98,0.14,1300
857,32,1049.38,1031.37,1027.44,955.38,0.14,1300
858,32,1049.38,1031.37,1024.60,928.08,0.14,1300
859,32,1049.38,1031.37,1025.27,965.29,0.14,1300
860,32,1049.38,1031.37,1024.89,919.79,0.14,1300
861,32,1049.38,1031.37,1025.54,891.90,0.14,1300
862,32,1049.38,1031.37,1025.45,897.93,0.14,1300
863,33,1049.38,1031.37,1026.91,959.35,0.14,1300
864,33,1049.38,1031.37,1026.38,1019.70,0.14,1300
865,33,1049.38,1031.37,1025.37,975.23,0.14,1300
866,33,1049.38,1031.37,1026.46,1015.33,0.14,1300
867,33,1049.38,1031.37,1024.71,978.25,0.14,1300
868,33,1049.38,1031.37,1022.96,1013.23,0.14,1300
869,33,1049.38,1031.37,1026.33,969.61,0.14,1300
870,33,1049.38,1031.37,1023.85,948.19,0.14,1300
871,33,1049.38,1031.37,1025.27,892.71,0.14,1300
872,33,1049.38,1031.37,1025.48,968.23,0.14,1300
873,33,1049.38,1031.37,1024.73,940.46,0.14,1300
874,33,1049.38,1031.37,1025.79,995.28,0.14,1300
875,33,1049.38,1031.37,1026.22,972.63,0.14,1300
876,33,1049.38,1031.37,1025.34,1015.48,0.14,1300
877,33,1049.38,1031.37,1025.56,959.04,0.14,1300
878,33,1049.38,1031.37,1025.77,963.78,0.14,1300
879,33,1049.38,1031.37,1026.94,997.59,0.14,1300
880,33,1049.38,1031.37,1024.62,906.01,0.14,1300
881,33,1049.38,1031.37,1026.56,980.63,0.14,1300
882,33,1049.38,1031.37,1026.68,979.81,0.14,1300
883,33,1049.38,1031.37,1027.01,865.85,0.14,1300
884,33,1049.38,1031.37,1025.03,1006.45,0.14,1300
885,33,1049.38,1031.37,1039.78,981.86,0.14,1300
887,34,1049.38,1031.37,1026.62,889.26,0.14,1300
888,34,1049.38,1031.37,1025.45,978.29,0.14,1300
890,34,1049.38,1031.37,1024.75,975.81,0.14,1300
891,34,1049.38,1031.37,1024.03,1005.29,0.14,1300
892,34,1049.38,1031.37,1026.43,944.55,0.14,1300
893,34,1049.38,1031.37,1026.93,944.75,0.14,1300
894,34,1049.38,1031.37,1026.04,958.35,0.14,1300
896,34,1049.38,1031.37,1025.98,839.36,0.14,1300
898,34,1049.38,1031.37,1027.00,962.09,0.14,1300
900,34,1049.38,1031.37,1026.81,936.28,0.14,1300
902,34,1049.38,1031.37,1023.83,840.15,0.14,1300
903,34,1049.38,1031.37,1026.31,979.74,0.14,1300
904,34,1049.38,1031.37,1026.59,953.39,0.14,1300
905,34,1049.38,1031.37,1026.20,956.26,0.14,1300
906,34,1049.38,1031.37,1026.12,972.45,0.14,1300
907,34,1049.38,1031.37,1026.12,953.71,0.14,1300
909,34,1049.38,1031.37,1026.73,1011.15,0.14,1300
910,34,1049.38,1031.37,1026.83,950.40,0.14,1300
911,34,1049.38,1031.37,1028.66,970.36,0.14,1300
912,35,1049.38,1031.37,1026.82,928.44,0.14,1300
913,35,1049.38,1031.37,1026.94,955.65,0.14,1350
914,35,1049.38,1031.37,1027.60,959.26,0.14,1350
915,35,1049.38,1031.37,1026.27,936.35,0.14,1350
916,35,1049.38,1031.37,1023.67,924.91,0.14,1350
917,35,1049.38,1031.37,1024.92,928.82,0.14,1350
918,35,1049.38,1031.37,1041.87,1008.47,0.14,1350
919,35,1049.38,1031.37,1026.63,964.52,0.14,1350
920,35,1049.38,1031.37,1025.39,994.96,0.14,1350
921,35,1049.38,1031.37,1025.10,1015.56,0.14,1350
922,35,1049.38,1031.37,1027.21,970.77,0.14,1350
923,35,1049.38,1031.37,1024.93,1018.04,0.14,1350
924,35,1049.38,1031.37,1026.13,998.18,0.14,1350
925,35,1049.38,1031.37,1025.03,976.33,0.14,1350
926,35,1049.38,1031.37,1025.58,952.79,0.14,1350
927,35,1049.38,1031.37,1024.94,999.92,0.14,1350
928,35,1049.38,1031.37,1025.24,953.59,0.14,1350
929,35,1049.38,1031.37,1026.58,932.22,0.14,1350
931,35,1049.38,1031.37,1026.63,928.21,0.14,1350
932,35,1049.38,1031.37,1025.54,956.66,0.14,1350
933,35,1049.38,1031.37,1024.58,937.49,0.14,1350
934,35,1049.38,1031.37,1027.84,981.93,0.14,1350
935,35,1049.38,1031.37,1026.90,939.12,0.14,1350
936,36,1049.38,1031.37,1026.86,901.17,0.14,1350
937,36,1049.38,1031.37,1025.27,916.88,0.14,1350
938,36,1049.38,1031.37,1025.93,1015.68,0.14,1350
939,36,1049.38,1031.37,1025.36,955.92,0.14,1350
940,36,1049.38,1031.37,1024.14,995.84,0.14,1350
941,36,1049.38,1031.37,1024.98,988.71,0.14,1350
942,36,1049.38,1031.37,1022.93,971.13,0.14,1350
943,36,1049.38,1031.37,1025.21,992.06,0.14,1350
944,36,1049.38,1031.37,1024.08,993.89,0.14,1350
945,36,1049.38,1031.37,1025.66,1018.97,0.14,1350
946,36,1049.38,1031.37,1025.12,950.52,0.14,1350
947,36,1049.38,1031.37,1028.62,964.26,0.14,1350
948,36,1049.38,1031.37,1025.62,992.82,0.14,1350
949,36,1049.38,1031.37,1028.14,950.20,0.14,1350
950,36,1049.38,1031.37,1026.16,971.36,0.14,1350
951,36,1049.38,1031.37,1026.52,1003.74,0.14,1350
952,36,1049.38,1031.37,1025.16,916.47,0.14,1350
953,36,1049.38,1031.37,1025.91,961.73,0.14,1350
954,36,1049.38,1031.37,1026.12,897.56,0.14,1350
955,36,1049.38,1031.37,1029.09,966.72,0.14,1350
956,36,1049.38,1031.37,1027.06,916.24,0.14,1350
957,36,1049.38,1031.37,1025.26,951.50,0.14,1350
958,36,1049.38,1031.37,1026.79,962.20,0.13,1350
959,36,1049.38,1031.37,1026.43,941.34,0.13,1350
960,36,1049.38,1031.37,1026.73,942.61,0.13,1350
961,37,1049.38,1031.37,1027.11,943.87,0.13,1350
962,37,1049.38,1031.37,1026.46,866.26,0.13,1350
963,37,1049.38,1031.37,1026.19,961.52,0.13,1350
964,37,1049.38,1031.37,1025.66,1021.08,0.13,1350
966,37,1049.38,1031.37,1025.42,988.81,0.13,1350
968,37,1049.38,1031.37,1025.94,974.55,0.13,1350
970,37,1049.38,1031.37,1024.63,986.36,0.14,1350
971,37,1049.38,1031.37,1025.75,983.42,0.14,1350
972,37,1049.38,1031.37,1024.61,954.72,0.14,1350
974,37,1049.38,1031.37,1024.88,846.85,0.13,1350
975,37,1049.38,1031.37,1024.86,893.39,0.14,1350
976,37,1049.38,1031.37,1026.55,947.47,0.13,1350
978,37,1049.38,1031.37,1026.19,955.78,0.13,1350
980,37,1049.38,1031.37,1027.78,894.41,0.13,1350
982,37,1049.38,1031.37,1024.79,878.25,0.13,1350
984,37,1049.38,1031.37,1024.59,809.66,0.13,1350
986,38,1049.38,1031.37,1025.26,932.55,0.14,1350
987,38,1049.38,1031.37,1026.00,881.42,0.14,1350
988,38,1049.38,1031.37,1028.69,918.23,0.14,1350
990,38,1049.38,1031.37,1028.97,994.64,0.14,1350
992,38,1049.38,1031.37,1024.22,975.06,0.14,1350
994,38,1049.38,1031.37,1027.72,994.82,0.14,1350
995,38,1049.38,1031.37,1026.86,880.92,0.14,1350
997,38,1049.38,1031.37,1024.70,911.70,0.14,1350
998,38,1049.38,1031.37,1028.61,962.75,0.14,1350
1000,38,1049.38,1031.37,1026.56,973.21,0.14,1350
1002,38,1049.38,1031.37,1024.94,959.90,0.14,1350
1003,38,1049.38,1031.37,1025.77,999.23,0.14,1350
1004,38,1049.38,1031.37,1029.25,1016.95,0.14,1350
1005,38,1049.38,1031.37,1026.56,937.45,0.14,1350
1006,38,1049.38,1031.37,1026.32,887.40,0.14,1350
1007,38,1049.38,1031.37,1026.15,985.61,0.14,1350
1008,38,1049.38,1031.37,1025.39,965.84,0.14,1350
1009,38,1049.38,1031.37,1025.23,937.13,0.14,1350
1010,38,1049.38,1031.37,1029.22,887.50,0.14,1350
1011,39,1049.38,1031.37,1025.91,960.57,0.14,1350
1012,39,1049.38,1031.37,1027.66,948.98,0.14,1350
1013,39,1049.38,1031.37,1026.17,895.75,0.14,1350
1014,39,1049.38,1031.37,1026.66,904.24,0.14,1350
1016,39,1049.38,1031.37,1025.08,1011.12,0.14,1350
1018,39,1049.38,1031.37,1023.74,894.35,0.14,1350
1020,39,1049.38,1031.37,1025.41,836.83,0.14,1350
1022,39,1049.38,1031.37,1025.60,805.88,0.14,1350
1024,39,1049.38,1031.37,1025.31,980.74,0.14,1350
1026,39,1049.38,1031.37,1024.96,948.07,0.14,1350
1028,39,1049.38,1031.37,1025.60,987.88,0.14,1350
1030,39,1049.38,1031.37,1021.23,919.51,0.14,1350
1032,39,1049.38,1031.37,1024.39,852.86,0.14,1350
1034,39,1049.38,1031.37,1025.13,850.34,0.14,1350
1036,39,1049.38,1031.37,1024.53,990.68,0.14,1350
1038,40,1049.38,1031.37,1025.76,951.92,0.14,1400
1040,40,1049.38,1031.37,1026.02,970.17,0.14,1400
1042,40,1049.38,1031.37,1023.57,880.96,0.14,1400
1044,40,1049.38,1031.37,1026.95,894.60,0.14,1400
1046,40,1049.38,1031.37,1027.41,901.39,0.14,1400
1048,40,1049.38,1031.37,1025.87,907.43,0.14,1400
1050,40,1049.38,1031.37,1028.89,907.80,0.14,1400
1052,40,1049.38,1031.37,1025.11,883.01,0.14,1400
1054,40,1049.38,1031.37,1026.17,902.74,0.14,1400
1056,40,1049.38,1031.37,1025.01,902.86,0.14,1400
1058,40,1049.38,1031.37,1028.26,882.04,0.14,1400
1060,40,1049.38,1031.37,1027.38,895.98,0.14,1400
1062,41,1049.38,1031.37,1026.71,951.86,0.14,1400
1064,41,1049.38,1031.37,1025.45,933.52,0.14,1400
1066,41,1049.38,1031.37,1024.45,950.73,0.14,1400
1068,41,1049.38,1031.37,1026.26,1017.45,0.14,1400
1070,41,1049.38,1031.37,1025.80,1018.25,0.14,1400
1072,41,1049.38,1031.37,1026.22,1008.87,0.14,1400
1074,41,1049.38,1031.37,1026.24,1016.45,0.14,1400
1076,41,1049.38,1031.37,1026.53,941.63,0.14,1400
1078,41,1049.38,1031.37,1039.10,908.03,0.14,1400
1080,41,1049.38,1031.37,1023.23,917.94,0.14,1400
1082,41,1049.38,1031.37,1028.12,911.77,0.14,1400
1084,41,1049.38,1031.37,1024.88,979.50,0.14,1400
1086,41,1049.38,1031.37,1025.83,935.88,0.14,1400
1088,42,1049.38,1031.37,1025.87,975.38,0.14,1400
1090,42,1049.38,1031.37,1023.85,967.29,0.14,1400
1092,42,1049.38,1031.37,1024.23,1014.98,0.14,1400
1094,42,1049.38,1031.37,1025.41,932.01,0.14,1400
1096,42,1049.38,1031.37,1026.53,944.65,0.14,1400
1098,42,1049.38,1031.37,1027.85,966.52,0.14,1400
1100,42,1049.38,1031.37,1025.88,932.41,0.14,1400
1102,42,1049.38,1031.37,1025.79,856.78,0.14,1400
1104,42,1049.38,1031.37,1025.38,917.35,0.14,1400
1106,42,1049.38,1031.37,1024.68,933.95,0.14,1400
1108,42,1049.38,1031.37,1025.62,944.49,0.14,1400
1110,42,1049.38,1031.37,1026.40,820.05,0.14,1400
1112,43,1049.38,1031.37,1024.47,934.40,0.14,1400
1114,43,1049.38,1031.37,1027.07,889.92,0.14,1400
1116,43,1049.38,1031.37,1026.61,919.02,0.14,1400
1118,43,1049.38,1031.37,1025.32,940.65,0.14,1400
1120,43,1049.38,1031.37,1026.71,904.86,0.14,1400
1122,43,1049.38,1031.37,1021.66,968.48,0.14,1400
1124,43,1049.38,1031.37,1025.24,928.61,0.14,1400
1126,43,1049.38,1031.37,1026.87,918.86,0.14,1400
1128,43,1049.38,1031.37,1026.67,971.76,0.14,1400
1130,43,1049.38,1031.37,1027.47,907.33,0.14,1400
1132,43,1049.38,1031.37,1027.42,966.80,0.14,1400
1134,43,1049.38,1031.37,1025.69,849.74,0.14,1400
1136,43,1049.38,1031.37,1026.50,870.24,0.14,1400
1138,44,1049.38,1031.37,1024.18,910.07,0.14,1400
1140,44,1049.38,1031.37,1024.44,854.93,0.14,1400
1142,44,1049.38,1031.37,1025.21,851.91,0.14,1400
1144,44,1049.38,1031.37,1027.58,899.98,0.14,1400
1146,44,1049.38,1031.37,1028.71,963.62,0.14,1400
1148,44,1049.38,1031.37,1025.52,946.55,0.14,1400
1150,44,1049.38,1031.37,1025.83,988.55,0.14,1400
1152,44,1049.38,1031.37,1025.71,924.78,0.13,1400
1154,44,1049.38,1031.37,1025.19,957.23,0.13,1400
1156,44,1049.38,1031.37,1026.12,985.83,0.13,1400
1158,44,1049.38,1031.37,1028.40,893.63,0.13,1400
1160,44,1049.38,1031.37,1027.05,996.13,0.13,1400
1162,44,1049.38,1040.52,1027.71,984.80,0.13,1400
1164,45,1049.38,1040.52,1026.99,892.14,0.14,1450
1166,45,1049.38,1040.52,1026.54,1001.41,0.14,1450
1168,45,1049.38,1040.52,1025.87,770.22,0.14,1450
1170,45,1049.38,1040.52,1023.46,824.07,0.14,1450
1172,45,1049.38,1040.52,1025.03,868.06,0.14,1450
1174,45,1049.38,1040.52,1024.86,908.03,0.13,1450
1176,45,1049.38,1040.52,1025.88,934.06,0.13,1450
1178,45,1049.38,1040.52,1026.44,916.26,0.13,1450
1180,45,1049.38,1040.52,1024.62,973.12,0.13,1450
1182,45,1049.38,1040.52,1026.56,965.65,0.13,1450
1184,45,1049.38,1040.52,1025.74,984.63,0.13,1450
1186,45,1049.38,1040.52,1026.28,964.87,0.13,1450
1188,46,1049.38,1040.52,1026.94,926.19,0.13,1450
1190,46,1049.38,1040.52,1024.42,948.53,0.13,1450
1192,46,1049.38,1040.52,1023.12,946.98,0.13,1450
1194,46,1049.38,1040.52,1026.34,1013.17,0.13,1450
1196,46,1049.38,1040.52,1025.64,993.74,0.13,1450
1198,46,1050.12,1040.52,1050.12,966.23,0.13,1450
1200,46,1050.12,1040.52,1026.67,1015.51,0.13,1450
1202,46,1050.12,1040.52,1027.57,971.86,0.13,1450
1204,46,1050.12,1040.52,1026.40,914.93,0.13,1450
1206,46,1050.12,1040.52,1026.14,971.22,0.13,1450
1208,46,1050.12,1040.52,1027.16,998.23,0.13,1450
1210,46,1050.12,1041.52,1027.66,980.68,0.13,1450
1212,47,1050.12,1041.52,1026.11,1013.00,0.13,1450
1214,47,1050.12,1041.52,1024.47,982.06,0.13,1450
1216,47,1050.12,1041.52,1028.13,1003.43,0.14,1450
1218,47,1050.12,1041.52,1027.99,966.82,0.14,1450
1220,47,1050.12,1041.52,1025.91,1004.56,0.14,1450
1222,47,1050.12,1041.52,1025.99,1018.58,0.14,1450
1224,47,1050.12,1041.52,1024.07,995.79,0.14,1450
1226,47,1050.12,1041.52,1026.56,1000.37,0.14,1450
1228,47,1050.12,1041.52,1026.37,929.97,0.14,1450
1230,47,1050.12,1041.52,1026.64,944.25,0.14,1450
1232,47,1050.12,1041.52,1029.36,937.62,0.14,1450
1234,47,1050.12,1041.52,1028.59,1006.86,0.14,1450
1236,47,1050.12,1041.52,1027.45,1018.86,0.14,1450
1238,48,1050.12,1041.52,1027.05,959.93,0.14,1450
1240,48,1050.12,1041.52,1028.32,987.40,0.14,1450
1242,48,1050.12,1041.52,1028.61,978.31,0.14,1450
1244,48,1050.12,1041.52,1028.94,984.49,0.14,1450
1246,48,1050.12,1041.52,1025.43,903.92,0.14,1450
1248,48,1050.12,1041.52,1029.95,980.73,0.14,1450
1250,48,1050.12,1041.52,1027.74,957.30,0.14,1450
1252,48,1050.12,1041.52,1028.84,933.42,0.14,1450
1254,48,1050.12,1041.52,1028.89,912.12,0.14,1450
1256,48,1050.12,1041.52,1028.63,997.17,0.14,1450
1258,48,1050.12,1041.52,1026.64,929.04,0.14,1450
1260,48,1050.12,1041.52,1028.44,981.49,0.14,1450
1262,49,1050.12,1041.52,1027.71,965.30,0.14,1450
1264,49,1050.12,1041.52,1028.95,984.23,0.14,1450
1266,49,1050.12,1041.52,1027.75,980.77,0.14,1450
1268,49,1050.12,1041.52,1030.14,903.51,0.14,1450
1270,49,1050.12,1041.52,1032.67,988.06,0.14,1450
1272,49,1050.12,1041.52,1030.23,940.72,0.14,1450
1274,49,1050.12,1041.52,1028.43,989.25,0.14,1450
1276,49,1050.12,1041.52,1028.05,972.44,0.14,1450
1278,49,1050.12,1041.52,1029.22,989.12,0.14,1450
1280,49,1050.12,1041.52,1027.89,1003.14,0.14,1450
1282,49,1050.12,1041.52,1026.56,943.79,0.14,1450
1284,49,1050.12,1041.52,1028.54,983.30,0.14,1450
1286,50,1050.12,1041.52,1029.22,1017.09,0.14,1450
1286,50,1050.12,1041.52,1029.22,1017.09,0.14,1450
