[
{
    "Walker2DBulletEnv-v5": {
        "[ALGO]": {
            "maxmsteps": " 50",
            "stepsize": " 0.01",
            "noiseStdDev": " 0.02",
            "sampleSize": " 20",
            "saveeach": " 60",
            "wdecay": " 1"
        },
        "[POLICY]": {
            "episodes": " 1",
            "pepisodes": " 3",
            "maxsteps": " 1000",
            "nhiddens": " 50",
            "nlayers": " 1",
            "bias": " 1",
            "out_type": " 3",
            "architecture": " 0",
            "afunction": " 2",
            "winit": " 1",
            "action_noise": " 1",
            "normalize": " 1",
            "clip": " 1"
        }
    }
},
{
    "envBodybrainCustom": {
        "[ALGO]": {
            "maxmsteps": " 100",
            "stepsize": " 0.01",
            "noiseStdDev": " 0.02",
            "sampleSize": " 20",
            "saveeach": " 1",
            "wdecay": " 1"
        },
        "[POLICY]": {
            "episodes": " 3",
            "pepisodes": " 3",
            "maxsteps": " 400",
            "nhiddens": " 50",
            "nlayers": " 1",
            "bias": " 1",
            "out_type": " 3",
            "architecture": " 0",
            "afunction": " 2",
            "winit": " 1",
            "action_noise": " 1",
            "normalize": " 1",
            "clip": " 1"
        }
    }
},

{
    "HopperBulletEnv-v0": {
        "[ALGO]": {
            "maxmsteps": " 20",
            "stepsize": " 0.01",
            "noiseStdDev": " 0.02",
            "sampleSize": " 20",
            "wdecay": " 1",
            "saveeach": " 1"
        },
        "[POLICY]": {
            "episodes": " 1",
            "pepisodes": " 3",
            "maxsteps": " 500",
            "nhiddens": " 50",
            "nlayers": " 1",
            "bias": " 1",
            "out_type": " 3",
            "architecture": " 0",
            "afunction": " 2",
            "winit": " 1",
            "action_noise": " 1",
            "normalize": " 1",
            "clip": " 1"
        }
    }
},
{
    "envSwingupCustom": {
        "[ALGO]": {
            "maxmsteps": " 500",
            "stepsize": " 0.01",
            "noiseStdDev": " 0.02",
            "sampleSize": " 20",
            "saveeach": " 1",
            "wdecay": " 1"
        },
        "[POLICY]": {
            "episodes": " 1",
            "pepisodes": " 3",
            "maxsteps": " 1000",
            "nhiddens": " 80",
            "nhiddens2": " 30",
            "nlayers": " 2",
            "bias": " 1",
            "out_type": " 3",
            "architecture": " 0",
            "afunction": " 2",
            "winit": " 1",
            "action_noise": " 0",
            "normalize": " 0",
            "clip": " 1"
        }
    }
},
{
    "ErStaybehind": {
        "[ALGO]": {
            "[ALG": "[ALGO]",
            "popsize": " 20",
            "selsize": " 5",
            "saveeach": " 10",
            "[POLIC": "[POLICY]"
        },
        "[POLICY]": {
            "maxsteps": " 500",
            "nhiddens": " 25",
            "nlayers": " 1",
            "bias": " 1",
            "out_type": " 2",
            "architecture": " 3",
            "afunction": " 2",
            "winit": " 0",
            "action_noise": " 0",
            "normalize": " 0",
            "clip": " 0"
        }
    }
},
{
    "ErDiscrim": {
        "[ALGO]": {
            "maxmsteps": " 350",
            "stepsize": " 0.01",
            "noiseStdDev": " 0.02",
            "sampleSize": " 20",
            "wdecay": " 0",
            "saveeach": " 1"
        },
        "[POLICY]": {
            "episodes": " 10",
            "pepisodes": " 20",
            "maxsteps": " 500",
            "nhiddens": " 10",
            "nlayers": " 1",
            "bias": " 1",
            "architecture": " 3",
            "afunction": " 3",
            "out_type": " 2",
            "winit": " 0",
            "action_noise": " 1",
            "normalize": " 0",
            "clip": " 0"
        }
    }
},
{
    "AntBulletEnv-v5": {
        "[ALGO]": {
            "maxmsteps": " 50",
            "stepsize": " 0.01",
            "noiseStdDev": " 0.02",
            "sampleSize": " 20",
            "saveeach": " 1",
            "wdecay": " 1"
        },
        "[POLICY]": {
            "episodes": " 1",
            "pepisodes": " 3",
            "maxsteps": " 1000",
            "nhiddens": " 50",
            "nlayers": " 1",
            "bias": " 1",
            "out_type": " 3",
            "architecture": " 0",
            "afunction": " 2",
            "winit": " 1",
            "action_noise": " 1",
            "normalize": " 1",
            "clip": " 1"
        }
    }
},
{
    "Pendulum-v0": {
        "[ALGO]": {
            "maxmsteps": " 100",
            "stepsize": " 0.01",
            "noiseStdDev": " 0.02",
            "sampleSize": " 20",
            "wdecay": " 0",
            "saveeach": " 1"
        },
        "[POLICY]": {
            "episodes": " 3",
            "pepisodes": " 5",
            "maxsteps": " 200",
            "nhiddens": " 20",
            "nlayers": " 1",
            "bias": " 1",
            "out_type": " 3",
            "architecture": " 0",
            "afunction": " 2",
            "winit": " 1",
            "action_noise": " 0",
            "normalize": " 0",
            "clip": " 0"
        }
    }
},
{
    "HumanoidBulletEnv-v5": {
        "[ALGO]": {
            "maxmsteps": " 100",
            "stepsize": " 0.01",
            "noiseStdDev": " 0.02",
            "sampleSize": " 250",
            "wdecay": " 1"
        },
        "[POLICY]": {
            "pepisodes": " 3",
            "maxsteps": " 1000",
            "nhiddens": " 64",
            "nlayers": " 1",
            "bias": " 1",
            "architecture": " 0",
            "afunction": " 2",
            "out_type": " 3",
            "winit": " 1",
            "action_noise": " 1",
            "normalize": " 1",
            "clip": " 1"
        }
    }
},
{
    "MountainCarContinuous-v0": {
        "[ALGO]": {
            "maxmsteps": " 10",
            "stepsize": " 0.01",
            "noiseStdDev": " 0.02",
            "sampleSize": " 20",
            "saveeach": " 1",
            "wdecay": " 0"
        },
        "[POLICY]": {
            "episodes": " 3",
            "pepisodes": " 3",
            "maxsteps": " 1000",
            "nhiddens": " 50",
            "nlayers": " 1",
            "bias": " 1",
            "out_type": " 3",
            "architecture": " 0",
            "afunction": " 2",
            "winit": " 1",
            "action_noise": " 2",
            "normalize": " 1",
            "clip": " 1"
        }
    }
},
{
    "Acrobot-v1": {
        "[ALGO]": {
            "maxmsteps": " 20",
            "stepsize": " 0.01",
            "noiseStdDev": " 0.02",
            "sampleSize": " 20",
            "saveeach": " 1",
            "wdecay": " 0"
        },
        "[POLICY]": {
            "episodes": " 3",
            "pepisodes": " 3",
            "maxsteps": " 500",
            "nhiddens": " 50",
            "nlayers": " 1",
            "bias": " 1",
            "out_type": " 3",
            "architecture": " 0",
            "afunction": " 2",
            "winit": " 1",
            "action_noise": " 2",
            "normalize": " 1",
            "clip": " 1"
        }
    }
},
{
    "ErDpole": {
        "[ALGO]": {
            "maxmsteps": " 10000",
            "stepsize": " 0.01",
            "noiseStdDev": " 0.02",
            "sampleSize": " 250",
            "wdecay": " 0",
            "saveeach": " 1"
        },
        "[POLICY]": {
            "episodes": " 10",
            "pepisodes": " 500",
            "maxsteps": " 1000",
            "nhiddens": " 10",
            "nlayers": " 1",
            "bias": " 1",
            "out_type": " 2",
            "architecture": " 3",
            "afunction": " 3",
            "winit": " 0",
            "action_noise": " 0",
            "normalize": " 0",
            "clip": " 0"
        }
    }
},
{
    "ErPredprey": {
        "[ALGO]": {
            "[ALG": "[ALGO]",
            "popsize": " 80",
            "selsize": " 10",
            "ngenerations": " 1000",
            "samplesize": " 20",
            "wdecay": " 1"
        },
        "[POLICY]": {
            "saveeach": " 100",
            "[POLIC": "[POLICY]",
            "nrobots": " 2",
            "heterogeneous": " 1",
            "maxsteps": " 2000",
            "nhiddens": " 25",
            "nlayers": " 1",
            "bias": " 1",
            "out_type": " 2",
            "architecture": " 3",
            "afunction": " 2",
            "winit": " 0",
            "action_noise": " 0",
            "normalize": " 0",
            "clip": " 0"
        }
    }
},
{
    "HalfCheetahBulletEnv-v5": {
        "[ALGO]": {
            "maxmsteps": " 50",
            "stepsize": " 0.01",
            "noiseStdDev": " 0.02",
            "sampleSize": " 20",
            "saveeach": " 1",
            "wdecay": " 1"
        },
        "[POLICY]": {
            "episodes": " 1",
            "pepisodes": " 3",
            "maxsteps": " 1000",
            "nhiddens": " 50",
            "nlayers": " 1",
            "bias": " 1",
            "out_type": " 3",
            "architecture": " 0",
            "afunction": " 2",
            "winit": " 1",
            "action_noise": " 1",
            "normalize": " 1",
            "clip": " 1"
        }
    }
}]