21,0,46.47,44.45,46.10,39.10,0.18,100
38,0,49.41,52.27,46.73,40.75,0.18,100
53,0,71.84,69.07,71.84,63.09,0.18,100
64,0,79.71,78.45,79.71,69.31,0.18,100
76,0,98.45,90.13,98.45,75.63,0.18,100
88,0,117.68,107.13,115.40,95.65,0.18,100
98,0,154.63,131.09,154.63,113.45,0.18,100
106,0,154.63,131.69,139.84,114.38,0.18,100
114,0,156.25,136.05,140.96,121.33,0.18,100
122,0,156.25,136.05,143.29,124.86,0.18,100
130,0,156.25,136.05,147.26,125.99,0.18,100
138,0,156.25,138.18,146.24,125.56,0.18,100
146,0,156.25,138.18,143.29,124.14,0.18,100
154,0,156.25,142.11,148.02,125.16,0.18,100
162,0,156.25,142.11,152.64,122.78,0.18,100
170,0,156.25,142.11,146.26,131.08,0.18,100
179,0,157.29,146.53,147.22,130.92,0.18,100
188,0,158.18,146.53,158.18,131.72,0.18,100
196,0,158.18,146.53,150.91,131.23,0.18,100
204,0,159.65,147.00,152.01,129.54,0.18,100
212,0,161.82,147.00,151.84,134.30,0.18,100
220,0,161.82,147.00,152.13,129.69,0.18,100
228,0,161.82,147.00,148.89,126.46,0.18,100
236,0,161.82,147.00,153.14,125.60,0.18,100
244,0,161.82,147.00,153.55,133.88,0.18,100
252,0,161.82,147.00,153.59,135.07,0.18,100
260,0,163.85,147.00,157.88,135.33,0.18,100
268,0,163.85,147.00,157.26,134.09,0.18,100
276,0,163.85,148.43,155.76,137.45,0.18,100
284,0,163.85,148.43,153.03,139.53,0.18,100
292,1,164.78,154.27,159.65,137.15,0.18,100
301,1,166.11,154.27,154.71,128.81,0.18,100
310,1,166.11,154.27,157.78,128.33,0.18,100
318,1,166.11,156.18,159.19,140.56,0.18,100
326,1,166.11,156.18,155.69,127.28,0.18,100
335,1,166.11,156.18,160.94,130.88,0.18,100
343,1,166.11,156.18,160.25,129.57,0.18,100
351,1,167.58,156.18,164.70,140.17,0.18,100
360,1,168.01,156.18,164.87,141.15,0.18,100
368,1,174.55,162.47,166.01,139.84,0.18,100
377,1,174.55,162.47,166.00,142.96,0.18,100
386,1,185.65,165.35,185.65,146.58,0.18,100
394,1,185.65,165.35,179.94,128.98,0.18,100
403,1,191.74,173.05,180.88,145.87,0.18,100
411,1,198.44,173.84,192.99,163.76,0.18,100
421,1,205.25,188.69,190.01,147.84,0.18,100
430,1,205.25,188.69,201.40,132.35,0.18,100
439,1,208.20,188.69,207.28,151.43,0.18,100
448,1,208.20,188.69,203.94,151.41,0.18,100
457,1,210.13,189.00,202.74,151.01,0.18,100
466,1,215.41,189.00,198.79,148.68,0.18,100
475,1,215.41,189.00,211.23,162.67,0.18,100
484,1,215.41,189.00,198.25,147.65,0.18,100
492,1,215.41,189.00,187.16,143.71,0.18,100
500,1,215.41,189.00,211.77,144.12,0.18,100
509,1,215.41,192.05,212.26,158.51,0.18,100
518,1,237.59,192.05,237.59,148.48,0.18,100
528,1,237.59,196.85,218.94,168.44,0.18,100
536,1,237.59,211.82,227.45,181.84,0.18,100
545,1,246.25,211.82,214.51,163.83,0.18,100
554,2,246.25,217.01,225.16,169.38,0.18,100
563,2,246.25,217.01,227.04,172.78,0.18,100
572,2,246.25,217.01,224.05,161.10,0.18,100
581,2,246.25,217.01,225.75,175.96,0.18,100
591,2,246.25,217.01,233.97,177.68,0.18,100
599,2,246.25,217.01,217.61,166.24,0.18,100
608,2,246.25,217.01,222.43,179.73,0.18,100
617,2,246.25,219.34,234.93,150.19,0.18,100
627,2,246.25,219.34,238.71,173.47,0.18,100
636,2,246.25,219.34,219.26,176.53,0.18,100
645,2,246.25,219.34,214.36,179.02,0.18,100
654,2,246.25,219.34,235.67,176.08,0.18,100
663,2,246.25,219.34,217.05,166.27,0.18,100
671,2,246.25,219.34,226.06,174.79,0.18,100
680,2,246.25,219.34,229.27,162.71,0.19,100
689,2,246.25,219.34,210.39,160.23,0.19,100
698,2,246.25,219.34,223.84,177.87,0.18,100
707,2,246.25,219.34,215.62,181.09,0.18,100
715,2,246.25,219.34,214.65,175.74,0.18,100
724,2,246.25,219.34,220.00,185.25,0.18,100
733,2,246.25,219.34,228.08,173.90,0.18,100
742,2,246.25,219.34,229.31,176.13,0.19,100
751,2,246.25,219.34,228.19,174.01,0.19,100
759,2,246.25,219.34,224.56,151.87,0.19,100
768,2,246.25,219.34,220.41,159.55,0.19,100
777,2,246.25,220.67,232.39,179.72,0.19,100
786,2,246.25,227.72,235.58,174.86,0.19,100
795,2,249.06,227.72,224.57,188.23,0.19,100
804,2,250.10,227.72,230.66,181.87,0.19,100
813,3,250.97,227.72,236.21,175.67,0.19,100
821,3,250.97,227.72,221.87,183.05,0.19,100
830,3,250.97,227.72,219.09,191.28,0.19,100
839,3,250.97,227.72,221.43,183.09,0.19,100
847,3,250.97,227.72,226.83,186.80,0.19,100
856,3,250.97,227.72,230.92,186.77,0.18,100
865,3,250.97,227.72,219.99,181.61,0.18,100
874,3,250.97,227.72,233.33,188.44,0.18,100
883,3,250.97,227.72,238.40,197.54,0.18,100
891,3,250.97,232.87,239.83,190.75,0.18,100
900,3,250.97,232.87,242.05,153.82,0.18,100
910,3,250.97,232.87,234.17,185.85,0.18,100
919,3,250.97,232.87,242.15,177.69,0.18,100
929,3,250.97,233.08,235.38,185.02,0.18,100
937,3,250.97,233.08,226.97,182.84,0.18,100
945,3,250.97,233.08,234.29,180.14,0.18,100
954,3,250.97,233.08,221.65,154.24,0.18,100
962,3,250.97,233.08,219.10,186.12,0.18,100
970,3,250.97,233.08,228.85,175.19,0.18,100
979,3,250.97,233.08,230.40,183.24,0.18,100
988,3,250.97,233.08,233.71,187.48,0.18,100
997,3,250.97,233.08,232.52,166.14,0.18,100
1006,3,250.97,233.08,227.31,182.33,0.18,100
1014,3,250.97,233.08,236.58,171.87,0.18,100
1022,3,250.97,233.08,228.51,183.98,0.18,100
1031,3,250.97,233.08,227.82,192.87,0.18,100
1040,3,250.97,233.08,238.49,178.11,0.18,100
1049,3,250.97,233.08,222.07,194.09,0.18,100
1057,3,250.97,233.08,230.11,182.61,0.18,100
1066,4,250.97,233.08,226.85,189.25,0.18,100
1075,4,252.20,233.08,237.15,192.28,0.18,100
1083,4,252.20,233.08,236.72,195.41,0.18,100
1092,4,252.20,233.08,231.17,180.03,0.18,100
1100,4,252.20,233.08,239.09,192.38,0.18,100
1109,4,252.20,233.08,227.92,170.40,0.18,100
1118,4,252.20,233.08,216.78,177.61,0.19,100
1127,4,252.20,233.08,233.61,171.85,0.19,100
1136,4,252.20,233.08,229.61,187.76,0.19,100
1145,4,252.20,233.08,238.79,194.21,0.19,100
1154,4,252.20,233.08,228.59,166.80,0.19,100
1163,4,252.20,233.08,235.04,188.40,0.19,100
1172,4,252.20,233.08,249.60,199.89,0.19,100
1180,4,252.82,233.08,238.71,168.19,0.19,100
1188,4,252.82,233.08,240.93,178.93,0.18,100
1197,4,252.82,233.08,243.45,194.39,0.19,100
1206,4,252.82,233.08,242.09,176.17,0.19,100
1215,4,252.82,233.08,242.20,191.20,0.19,100
1224,4,252.82,233.08,231.96,189.25,0.18,100
1233,4,252.82,233.08,245.56,190.43,0.18,100
1242,4,252.82,233.08,240.45,176.97,0.18,100
1251,4,252.82,233.08,235.11,196.26,0.18,100
1260,4,252.82,233.08,242.57,206.41,0.18,100
1268,4,252.82,233.08,232.06,190.79,0.18,100
1277,4,252.82,233.08,238.57,195.95,0.18,100
1286,4,259.73,233.08,239.08,194.56,0.18,100
1295,4,259.73,233.08,225.70,150.35,0.18,100
1304,4,259.73,233.08,235.85,189.55,0.18,100
1313,4,259.73,233.08,254.26,192.62,0.18,100
1322,5,259.73,233.08,243.49,183.17,0.18,100
1330,5,305.06,274.28,305.06,222.00,0.18,200
1337,5,314.08,277.15,285.04,239.50,0.18,200
1344,5,314.08,277.15,285.80,237.82,0.18,200
1351,5,314.08,280.34,290.25,246.46,0.18,200
1359,5,320.53,280.34,300.23,212.55,0.18,200
1366,5,335.67,288.65,302.46,227.90,0.19,200
1373,5,335.67,295.84,282.67,216.46,0.19,200
1380,5,335.67,295.84,295.27,243.37,0.19,200
1387,5,402.38,295.84,295.98,232.91,0.19,200
1395,5,402.38,295.84,302.96,233.73,0.19,200
1403,5,402.38,295.84,288.30,217.92,0.19,200
1411,5,402.38,295.84,293.16,223.07,0.19,200
1418,5,402.38,295.84,294.51,228.86,0.19,200
1426,5,402.38,295.84,302.55,208.86,0.19,200
1433,5,402.38,295.84,285.23,229.52,0.18,200
1440,5,402.38,295.84,291.06,221.44,0.18,200
1447,5,402.38,295.84,278.12,218.40,0.19,200
1454,5,402.38,295.84,288.17,227.22,0.19,200
1461,5,402.38,295.84,291.30,213.96,0.18,200
1468,5,402.38,295.84,292.92,209.57,0.18,200
1476,5,402.38,295.84,289.74,185.51,0.18,200
1484,5,402.38,295.84,277.46,228.69,0.18,200
1491,5,402.38,295.84,302.36,223.83,0.18,200
1498,5,402.38,295.84,287.73,221.73,0.19,200
1505,5,402.38,295.84,356.73,232.76,0.19,200
1512,5,402.38,302.68,336.94,232.09,0.19,200
1518,5,402.38,325.24,329.28,220.80,0.19,200
1523,5,402.38,325.24,349.76,269.76,0.19,200
1527,6,402.38,325.24,352.15,261.79,0.19,200
1532,6,402.38,331.54,345.05,256.59,0.19,200
1537,6,402.38,331.54,358.43,263.01,0.19,200
1542,6,402.38,345.32,347.31,290.62,0.18,200
1547,6,402.38,345.32,347.74,270.82,0.18,200
1552,6,402.38,345.32,345.05,270.82,0.18,200
1557,6,402.38,345.32,354.44,282.39,0.18,200
1562,6,402.38,345.32,356.20,282.82,0.18,200
1567,6,402.38,345.32,368.94,305.61,0.18,200
1572,6,402.38,345.32,358.45,277.94,0.18,200
1577,6,402.38,345.32,356.65,282.01,0.18,200
1582,6,402.38,347.18,362.29,291.35,0.18,200
1587,6,402.38,347.18,360.70,273.18,0.18,200
1592,6,402.38,347.18,379.48,290.54,0.18,200
1597,6,402.38,347.18,379.62,303.10,0.18,200
1602,6,402.38,347.18,368.62,271.63,0.18,200
1607,6,402.38,347.18,376.16,278.29,0.18,200
1611,6,402.38,347.18,378.63,293.15,0.18,200
1616,6,402.38,354.92,354.36,270.89,0.18,200
1621,6,402.38,354.92,376.81,317.62,0.18,200
1626,6,402.38,354.92,357.05,307.91,0.18,200
1631,6,402.38,375.24,365.11,269.07,0.18,200
1636,6,402.38,375.24,372.81,298.10,0.18,200
1641,6,402.38,375.24,367.12,304.84,0.18,200
1646,6,402.38,375.24,362.07,291.30,0.18,200
1651,6,402.38,375.24,372.38,283.86,0.18,200
1656,6,407.64,375.24,369.38,283.84,0.18,200
1661,7,407.64,375.24,380.81,285.75,0.18,200
1666,7,407.64,375.24,368.59,300.85,0.18,200
1671,7,407.64,375.24,372.71,309.25,0.18,200
1676,7,407.64,375.24,400.92,318.54,0.18,200
1681,7,410.39,375.24,366.63,314.37,0.18,200
1686,7,410.39,375.24,372.76,297.04,0.18,200
1691,7,410.39,375.24,376.47,308.72,0.18,200
1696,7,410.39,375.24,366.55,281.46,0.18,200
1701,7,410.39,375.24,373.37,290.35,0.18,200
1706,7,410.39,375.24,369.34,297.54,0.18,200
1711,7,410.39,375.24,373.87,280.44,0.18,200
1716,7,410.39,375.24,379.70,259.94,0.18,200
1721,7,410.39,375.24,352.79,264.21,0.18,200
1726,7,410.39,375.24,365.52,285.49,0.18,200
1731,7,410.39,375.24,374.76,283.82,0.18,200
1736,7,410.39,375.24,363.17,258.51,0.18,200
1741,7,410.39,375.24,358.02,296.28,0.18,200
1746,7,410.39,375.24,372.85,286.73,0.18,200
1751,7,410.39,375.24,374.92,289.99,0.17,200
1756,7,410.39,375.24,396.30,281.12,0.17,200
1761,7,410.39,375.24,365.48,270.77,0.17,200
1766,7,410.39,375.24,368.47,271.60,0.17,200
1771,7,410.39,375.24,345.47,242.82,0.17,200
1776,7,410.39,375.24,370.15,259.97,0.17,200
1781,7,410.39,375.24,377.69,270.39,0.17,200
1786,7,410.39,375.24,365.83,266.42,0.17,200
1791,8,410.39,375.24,335.77,279.67,0.17,200
1796,8,410.39,375.24,346.09,276.44,0.17,200
1801,8,410.39,375.24,332.54,232.57,0.17,200
1806,8,410.39,375.24,349.22,259.24,0.17,200
1811,8,410.39,375.24,330.94,245.75,0.17,200
1816,8,410.39,375.24,345.01,265.57,0.17,200
1821,8,410.39,375.24,340.65,272.35,0.17,200
1826,8,410.39,375.24,350.85,280.74,0.17,200
1831,8,410.39,375.24,342.86,265.36,0.17,200
1836,8,410.39,375.24,364.43,275.23,0.17,200
1841,8,410.39,375.24,363.97,267.11,0.18,200
1846,8,410.39,375.24,358.84,235.88,0.18,200
1851,8,410.39,375.24,337.71,260.39,0.18,200
1856,8,410.39,375.24,384.04,272.30,0.18,200
1861,8,410.39,375.24,348.52,271.67,0.18,200
1866,8,410.39,375.24,361.26,265.44,0.18,200
1871,8,410.39,375.24,362.91,286.84,0.18,200
1876,8,410.39,375.24,335.97,277.30,0.18,200
1881,8,410.39,375.24,382.20,286.24,0.18,200
1886,8,410.39,375.24,360.63,281.53,0.18,200
1891,8,410.39,375.24,374.24,289.97,0.17,200
1896,8,410.39,375.24,362.72,251.06,0.17,200
1901,8,410.39,375.24,350.09,285.86,0.17,200
1905,8,410.39,375.24,372.36,299.76,0.17,200
1910,8,410.39,375.24,372.90,288.87,0.17,200
1915,8,410.39,375.24,366.66,299.65,0.18,200
1920,9,410.39,375.24,387.93,308.71,0.18,200
1925,9,410.39,375.24,386.12,286.02,0.18,200
1930,9,410.39,375.24,379.15,288.31,0.18,200
1935,9,410.39,375.24,359.91,279.01,0.18,200
1940,9,410.39,375.24,369.92,283.82,0.18,200
1945,9,410.39,375.24,362.56,286.51,0.18,200
1950,9,410.39,375.24,351.61,295.29,0.18,200
1955,9,410.39,375.24,370.56,288.25,0.17,200
1960,9,410.39,375.24,387.08,284.24,0.17,200
1965,9,410.39,375.24,343.91,289.50,0.17,200
1970,9,410.39,375.24,350.21,286.08,0.17,200
1975,9,410.39,375.24,367.37,303.79,0.17,200
1980,9,410.39,375.24,376.50,277.95,0.18,200
1985,9,410.39,375.24,365.96,290.34,0.17,200
1990,9,410.39,375.24,350.26,285.80,0.17,200
1995,9,410.39,375.24,369.65,305.82,0.17,200
2000,9,410.39,375.24,373.05,277.63,0.17,200
2005,9,410.39,375.24,396.62,273.87,0.17,200
2010,9,410.39,375.24,353.60,278.58,0.17,200
2015,9,410.39,375.24,368.36,264.56,0.17,200
2019,9,410.39,375.24,374.54,330.67,0.17,200
2024,9,410.39,375.24,380.95,298.74,0.17,200
2029,9,410.39,375.24,371.15,315.72,0.17,200
2034,9,410.39,375.24,387.56,293.95,0.17,200
2039,9,410.39,375.24,381.43,305.98,0.17,200
2044,9,410.39,375.24,372.18,297.83,0.17,200
2049,10,491.14,458.95,491.14,355.70,0.17,300
2052,10,524.51,511.05,515.72,399.40,0.17,300
2055,10,524.51,511.05,471.29,372.95,0.17,300
2058,10,524.51,511.91,495.69,373.81,0.17,300
2062,10,558.31,511.91,558.31,380.19,0.17,300
2066,10,563.92,511.91,502.41,369.23,0.17,300
2069,10,563.92,523.79,544.43,351.96,0.17,300
2072,10,572.75,523.79,572.75,418.35,0.17,300
2076,10,581.86,523.79,550.92,404.18,0.17,300
2080,10,584.96,523.79,539.91,394.83,0.17,300
2084,10,584.96,523.79,529.96,409.49,0.17,300
2087,10,584.96,523.79,517.99,409.57,0.17,300
2091,10,584.96,523.79,523.02,401.27,0.17,300
2094,10,584.96,523.79,534.20,415.66,0.17,300
2098,10,584.96,523.79,518.78,399.26,0.17,300
2102,10,584.96,523.79,502.44,404.19,0.17,300
2105,10,584.96,523.79,503.28,383.43,0.17,300
2108,10,584.96,523.79,537.24,437.06,0.17,300
2111,10,584.96,523.79,538.14,410.69,0.17,300
2114,10,584.96,523.79,521.45,401.55,0.17,300
2117,10,584.96,523.79,547.18,431.72,0.17,300
2120,10,584.96,523.79,560.70,384.46,0.17,300
2124,10,584.96,523.79,516.61,440.99,0.17,300
2127,10,584.96,523.79,531.25,449.38,0.17,300
2130,10,584.96,523.79,557.02,407.35,0.17,300
2134,10,584.96,523.79,547.81,410.31,0.17,300
2138,11,585.98,523.79,571.90,416.31,0.17,300
2142,11,585.98,523.79,522.67,393.15,0.17,300
2145,11,585.98,523.79,542.02,426.47,0.17,300
2148,11,585.98,523.79,537.03,390.88,0.17,300
2151,11,585.98,523.79,544.20,405.58,0.17,300
2154,11,585.98,523.79,519.41,408.11,0.17,300
2158,11,585.98,523.79,522.99,423.59,0.17,300
2162,11,585.98,523.79,520.32,391.38,0.17,300
2165,11,585.98,523.79,515.71,431.33,0.18,300
2168,11,585.98,523.79,512.44,437.23,0.18,300
2172,11,585.98,523.79,550.30,420.16,0.18,300
2175,11,585.98,523.79,551.76,411.25,0.18,300
2179,11,585.98,523.79,556.56,433.53,0.18,300
2182,11,585.98,523.79,521.32,423.98,0.18,300
2185,11,585.98,523.79,543.64,437.71,0.18,300
2188,11,585.98,529.74,529.42,400.09,0.18,300
2191,11,585.98,529.74,541.49,419.39,0.18,300
2194,11,585.98,529.74,520.51,453.25,0.18,300
2197,11,585.98,529.74,539.06,436.34,0.18,300
2200,11,585.98,529.74,560.79,422.67,0.18,300
2204,11,585.98,529.74,564.25,450.07,0.18,300
2207,11,585.98,529.74,547.94,430.25,0.18,300
2210,11,585.98,529.74,541.54,452.73,0.18,300
2213,11,585.98,529.74,534.01,428.85,0.18,300
2217,11,587.06,535.17,533.68,423.75,0.18,300
2220,11,587.06,535.17,533.80,438.56,0.18,300
2223,11,587.06,535.17,539.27,414.33,0.18,300
2226,12,587.06,553.67,543.85,381.09,0.18,300
2229,12,587.06,553.67,543.61,425.82,0.18,300
2233,12,587.06,553.67,548.13,389.53,0.18,300
2236,12,587.06,553.67,516.47,436.20,0.18,300
2239,12,587.06,553.67,526.63,393.42,0.18,300
2242,12,587.06,553.67,539.68,379.62,0.18,300
2245,12,587.06,553.67,515.72,386.78,0.18,300
2249,12,587.06,553.67,514.73,402.66,0.18,300
2252,12,587.06,553.67,519.35,442.04,0.18,300
2255,12,587.06,553.67,508.92,438.75,0.18,300
2259,12,587.06,553.67,550.50,406.59,0.18,300
2263,12,587.06,553.67,536.27,364.96,0.18,300
2267,12,587.06,553.67,503.16,423.45,0.18,300
2270,12,587.06,553.67,530.20,412.98,0.18,300
2274,12,587.06,553.67,522.16,403.56,0.18,300
2277,12,587.06,553.67,526.19,401.07,0.18,300
2281,12,587.06,553.67,538.00,443.58,0.18,300
2284,12,587.06,553.67,558.33,431.10,0.18,300
2288,12,587.06,553.67,534.54,441.73,0.18,300
2291,12,587.06,553.67,551.21,438.00,0.18,300
2295,12,587.06,553.67,558.37,422.23,0.18,300
2298,12,587.06,553.67,566.42,418.17,0.18,300
2301,12,587.06,553.67,552.95,419.57,0.18,300
2304,12,587.06,553.67,572.47,438.39,0.18,300
2307,12,587.06,553.67,553.02,430.89,0.18,300
2311,12,587.06,553.67,553.16,394.84,0.18,300
2315,13,587.06,553.67,545.94,410.86,0.18,300
2318,13,587.06,553.67,568.35,460.04,0.18,300
2321,13,587.06,553.67,536.38,424.59,0.18,300
2324,13,587.06,553.67,563.44,430.50,0.18,300
2327,13,587.06,553.67,556.66,436.25,0.18,300
2331,13,587.06,553.67,564.81,476.15,0.18,300
2334,13,591.09,553.67,591.09,436.23,0.18,300
2338,13,606.58,553.67,575.49,425.53,0.18,300
2341,13,606.58,553.67,539.64,438.74,0.18,300
2344,13,606.58,553.67,538.07,410.17,0.18,300
2348,13,606.58,553.67,531.94,432.71,0.18,300
2351,13,606.58,553.67,588.23,423.77,0.18,300
2354,13,606.58,553.67,551.70,459.41,0.18,300
2357,13,606.58,553.67,549.37,418.45,0.18,300
2361,13,606.58,553.67,549.86,436.86,0.18,300
2364,13,606.58,553.67,572.44,402.23,0.18,300
2367,13,606.58,553.67,547.35,402.23,0.18,300
2370,13,606.58,553.67,526.95,400.24,0.18,300
2374,13,606.58,553.67,537.25,409.23,0.18,300
2378,13,606.58,553.67,535.62,416.43,0.18,300
2381,13,606.58,553.67,531.45,404.37,0.18,300
2384,13,606.58,553.67,515.43,391.97,0.18,300
2387,13,606.58,553.67,528.13,422.42,0.18,300
2390,13,606.58,553.67,551.15,434.44,0.18,300
2394,13,606.58,553.67,509.91,376.33,0.18,300
2398,13,606.58,553.67,519.98,419.39,0.18,300
2401,14,606.58,553.67,521.66,433.74,0.18,300
2404,14,606.58,553.67,538.88,446.35,0.18,300
2408,14,606.58,553.67,521.11,382.79,0.18,300
2411,14,606.58,553.67,546.97,416.37,0.18,300
2414,14,606.58,553.67,531.04,419.63,0.18,300
2418,14,606.58,553.67,541.14,422.30,0.18,300
2422,14,606.58,553.67,558.84,446.55,0.18,300
2426,14,606.58,553.67,536.29,459.02,0.18,300
2429,14,606.58,553.67,548.04,405.04,0.18,300
2432,14,606.58,553.67,552.34,421.73,0.18,300
2435,14,606.58,553.67,542.66,425.09,0.18,300
2439,14,606.58,553.67,559.94,429.96,0.18,300
2442,14,606.58,553.67,560.10,411.68,0.18,300
2446,14,606.58,553.67,527.73,372.83,0.18,300
2449,14,606.58,553.67,538.76,387.79,0.18,300
2453,14,606.58,553.67,532.73,409.12,0.18,300
2457,14,606.58,553.67,537.07,397.43,0.18,300
2461,14,606.58,553.67,547.80,411.13,0.18,300
2465,14,606.58,553.67,547.17,404.88,0.18,300
2469,14,606.58,553.67,546.65,411.47,0.18,300
2473,14,606.58,553.67,539.77,418.42,0.17,300
2476,14,606.58,553.67,556.06,401.01,0.17,300
2480,14,606.58,553.67,528.65,384.36,0.17,300
2484,14,606.58,553.67,530.72,408.38,0.17,300
2488,14,606.58,553.67,539.76,426.65,0.17,300
2491,15,735.80,646.68,735.80,529.04,0.17,400
2494,15,756.83,715.15,751.36,559.16,0.17,400
2497,15,756.83,715.15,735.91,569.86,0.17,400
2500,15,756.83,715.15,712.20,512.38,0.17,400
2503,15,760.10,715.15,757.54,498.31,0.17,400
2506,15,760.48,715.15,760.48,459.62,0.17,400
2509,15,760.48,715.15,700.22,557.69,0.17,400
2512,15,760.48,715.15,706.38,591.79,0.17,400
2515,15,764.20,715.15,702.62,542.74,0.17,400
2518,15,764.20,715.15,703.51,496.43,0.17,400
2521,15,764.20,715.15,743.74,446.95,0.17,400
2524,15,764.20,734.73,729.83,525.85,0.17,400
2527,15,764.20,734.73,726.35,551.89,0.17,400
2530,15,764.20,734.73,719.41,542.73,0.17,400
2533,15,764.20,734.73,700.76,537.01,0.17,400
2536,15,764.20,734.73,697.71,419.15,0.17,400
2539,15,764.20,734.73,760.94,574.83,0.17,400
2542,15,764.20,734.73,727.88,550.67,0.17,400
2545,15,788.68,734.73,722.27,512.23,0.17,400
2548,15,788.68,747.85,751.66,458.36,0.17,400
2551,15,788.68,747.85,748.66,436.79,0.17,400
2554,15,788.68,747.85,707.90,479.84,0.17,400
2557,15,788.68,747.85,715.16,471.06,0.17,400
2560,15,788.68,747.85,721.87,537.44,0.17,400
2563,16,788.68,747.85,727.58,558.67,0.17,400
2566,16,788.68,747.85,727.31,488.99,0.17,400
2569,16,788.68,747.85,682.25,548.37,0.17,400
2572,16,788.68,747.85,714.52,503.31,0.17,400
2575,16,788.68,747.85,769.17,552.26,0.17,400
2578,16,788.68,747.85,754.34,520.61,0.17,400
2581,16,788.68,747.85,733.75,552.12,0.17,400
2584,16,792.79,747.85,759.85,574.63,0.17,400
2587,16,792.79,747.85,729.97,584.54,0.17,400
2590,16,792.79,747.85,719.19,581.75,0.17,400
2593,16,809.56,747.85,747.44,489.54,0.17,400
2596,16,816.11,747.85,816.11,408.93,0.17,400
2599,16,828.03,747.85,828.03,554.58,0.17,400
2602,16,828.03,747.85,769.54,509.35,0.17,400
2605,16,828.03,775.64,797.62,620.27,0.17,400
2608,16,828.03,775.64,764.09,553.58,0.17,400
2611,16,828.03,775.64,742.31,586.42,0.17,400
2614,16,828.03,775.64,760.47,592.67,0.17,400
2617,16,828.03,775.64,804.77,564.23,0.17,400
2620,16,828.03,775.64,780.62,535.70,0.17,400
2623,16,828.03,775.64,740.98,552.47,0.17,400
2626,16,828.03,775.64,784.64,578.81,0.17,400
2629,16,828.03,775.64,788.86,558.00,0.17,400
2632,17,828.03,775.64,779.44,594.36,0.17,400
2635,17,828.03,775.64,787.26,536.22,0.17,400
2638,17,828.03,775.64,750.25,637.48,0.17,400
2641,17,828.03,775.64,777.93,574.84,0.17,400
2644,17,828.03,775.64,767.69,579.78,0.17,400
2647,17,828.03,775.64,759.27,539.55,0.17,400
2650,17,828.03,775.64,756.01,603.80,0.17,400
2653,17,828.03,775.64,729.70,582.99,0.17,400
2656,17,828.03,775.64,756.26,537.69,0.17,400
2659,17,828.03,775.64,797.23,582.76,0.17,400
2662,17,828.03,775.64,749.82,544.78,0.17,400
2665,17,828.03,775.64,770.30,557.99,0.17,400
2668,17,828.03,775.64,725.79,488.80,0.17,400
2671,17,828.03,775.64,728.20,504.80,0.17,400
2674,17,828.03,775.64,721.56,542.30,0.17,400
2677,17,828.03,775.64,728.12,555.81,0.17,400
2680,17,828.03,775.64,735.71,484.37,0.17,400
2683,17,828.03,775.64,717.90,573.48,0.17,400
2686,17,828.03,775.64,698.09,594.52,0.17,400
2689,17,828.03,775.64,726.53,549.72,0.17,400
2692,17,828.03,775.64,722.25,551.18,0.17,400
2695,17,828.03,775.64,705.71,542.01,0.17,400
2698,17,828.03,775.64,711.27,523.53,0.17,400
2701,18,828.03,775.64,725.08,443.38,0.17,400
2705,18,828.03,775.64,715.65,523.44,0.17,400
2708,18,828.03,775.64,673.73,514.63,0.17,400
2711,18,828.03,775.64,662.28,555.73,0.17,400
2714,18,828.03,775.64,721.26,534.88,0.17,400
2717,18,828.03,775.64,690.43,494.91,0.17,400
2720,18,828.03,775.64,712.12,548.40,0.17,400
2723,18,828.03,775.64,686.16,508.11,0.17,400
2726,18,828.03,775.64,690.49,584.22,0.17,400
2729,18,828.03,775.64,726.70,572.65,0.17,400
2732,18,828.03,775.64,719.94,527.60,0.17,400
2735,18,828.03,775.64,729.39,520.43,0.17,400
2738,18,828.03,775.64,725.29,563.41,0.17,400
2741,18,828.03,775.64,745.59,538.16,0.17,400
2744,18,828.03,775.64,715.80,598.18,0.17,400
2747,18,828.03,775.64,744.12,600.32,0.17,400
2750,18,828.03,775.64,720.25,528.01,0.17,400
2753,18,828.03,775.64,768.45,543.74,0.17,400
2756,18,828.03,775.64,769.30,606.47,0.17,400
2759,18,828.03,775.64,722.59,546.07,0.17,400
2762,18,828.03,775.64,742.54,589.75,0.17,400
2765,18,828.03,775.64,752.35,547.41,0.17,400
2768,19,828.03,775.64,737.23,566.19,0.17,400
2771,19,828.03,775.64,747.47,551.42,0.17,400
2774,19,828.03,775.64,725.90,575.06,0.17,400
2777,19,828.03,775.64,716.12,549.63,0.17,400
2780,19,828.03,775.64,697.47,523.88,0.17,400
2783,19,828.03,775.64,754.02,584.57,0.17,400
2786,19,828.03,775.64,760.97,555.96,0.17,400
2789,19,828.03,775.64,794.95,545.71,0.17,400
2792,19,828.03,775.64,765.55,523.90,0.17,400
2795,19,828.03,775.64,756.49,629.05,0.17,400
2798,19,828.03,775.64,756.29,605.90,0.17,400
2801,19,828.03,775.64,767.38,609.03,0.17,400
2804,19,828.03,775.64,754.93,505.74,0.17,400
2807,19,828.03,775.64,757.39,555.11,0.17,400
2810,19,828.03,775.64,716.33,588.44,0.17,400
2813,19,828.03,775.64,736.22,596.78,0.17,400
2816,19,828.03,775.64,781.83,616.65,0.17,400
2819,19,828.03,775.64,766.74,583.87,0.17,400
2822,19,828.03,775.64,777.23,552.96,0.17,400
2825,19,828.03,775.64,763.36,591.46,0.17,400
2828,19,828.03,775.64,742.29,607.86,0.17,400
2831,19,828.03,775.64,739.29,600.35,0.17,400
2834,19,828.03,775.64,798.49,513.55,0.17,400
2837,20,935.30,779.73,935.30,674.43,0.17,500
2840,20,941.27,921.89,941.27,733.26,0.17,500
2842,20,941.27,921.89,895.83,744.18,0.17,500
2844,20,958.99,929.99,958.99,762.00,0.17,500
2846,20,958.99,929.99,928.03,708.46,0.17,500
2848,20,958.99,929.99,935.05,782.13,0.17,500
2850,20,958.99,929.99,932.83,710.80,0.17,500
2852,20,958.99,929.99,953.99,703.22,0.17,500
2854,20,958.99,929.99,958.71,689.24,0.17,500
2856,20,972.22,929.99,963.25,668.90,0.17,500
2858,20,1004.02,929.99,931.58,702.37,0.17,500
2861,20,1004.02,933.95,964.63,725.18,0.17,500
2864,20,1004.02,933.95,967.49,739.16,0.17,500
2867,20,1004.02,935.52,945.31,743.19,0.17,500
2870,20,1012.71,935.52,1012.71,706.59,0.17,500
2873,20,1012.71,935.52,975.97,716.87,0.17,500
2876,20,1012.71,935.52,980.09,638.01,0.17,500
2879,20,1012.71,935.52,948.70,714.68,0.17,500
2882,20,1012.71,935.52,946.22,688.20,0.17,500
2884,20,1012.71,955.43,932.89,776.94,0.17,500
2887,20,1012.71,955.43,933.92,676.55,0.17,500
2890,20,1012.71,955.43,975.06,647.02,0.17,500
2893,21,1012.71,955.43,905.76,619.15,0.17,500
2895,21,1012.71,955.43,954.25,722.86,0.17,500
2897,21,1012.71,955.76,994.99,735.21,0.17,500
2899,21,1012.71,955.76,947.45,758.46,0.17,500
2901,21,1012.71,955.76,907.61,688.57,0.17,500
2903,21,1012.71,955.76,992.61,731.89,0.17,500
2905,21,1012.71,955.76,962.78,644.47,0.17,500
2907,21,1033.08,955.76,1010.25,773.27,0.17,500
2909,21,1033.08,955.76,990.73,685.04,0.17,500
2911,21,1033.08,955.76,938.16,720.78,0.17,500
2913,21,1033.08,955.76,953.93,759.04,0.17,500
2915,21,1033.08,955.76,931.77,754.28,0.17,500
2917,21,1033.08,955.76,937.97,726.60,0.17,500
2919,21,1033.08,955.76,976.70,716.87,0.17,500
2921,21,1033.08,955.76,975.87,718.85,0.17,500
2923,21,1033.08,955.76,954.87,727.51,0.17,500
2925,21,1033.08,955.76,947.71,671.26,0.17,500
2928,21,1033.08,955.76,939.29,723.89,0.17,500
2931,21,1033.08,955.76,930.84,723.63,0.17,500
2933,21,1033.08,955.76,936.40,763.54,0.17,500
2935,21,1033.08,955.76,957.02,731.05,0.17,500
2937,21,1033.08,955.76,927.34,804.74,0.17,500
2939,21,1033.08,955.76,945.39,775.47,0.17,500
2941,21,1033.08,955.76,923.04,709.49,0.17,500
2943,21,1033.08,955.76,984.18,724.23,0.17,500
2945,21,1033.08,955.76,956.73,663.78,0.17,500
2947,21,1033.08,955.76,975.05,633.83,0.17,500
2949,22,1033.08,955.76,979.30,656.73,0.17,500
2952,22,1033.08,955.76,971.76,657.75,0.17,500
2954,22,1033.08,955.76,959.07,702.22,0.17,500
2956,22,1033.08,955.76,958.70,615.48,0.17,500
2959,22,1033.08,955.76,1012.72,649.79,0.17,500
2961,22,1033.08,955.76,997.78,766.37,0.17,500
2963,22,1033.08,955.76,983.31,692.13,0.17,500
2965,22,1033.08,955.76,917.17,690.33,0.17,500
2967,22,1033.08,955.76,979.26,719.81,0.17,500
2969,22,1033.08,955.76,927.75,725.76,0.17,500
2971,22,1033.08,955.76,895.09,737.29,0.17,500
2973,22,1033.08,955.76,956.16,736.08,0.17,500
2975,22,1033.08,955.76,939.62,674.55,0.17,500
2977,22,1033.08,955.76,969.60,747.03,0.17,500
2979,22,1033.08,955.76,954.06,702.83,0.17,500
2981,22,1033.08,955.76,929.62,754.52,0.17,500
2983,22,1033.08,955.76,947.61,739.67,0.17,500
2985,22,1033.08,955.76,933.46,659.27,0.17,500
2988,22,1033.08,955.76,985.69,648.78,0.17,500
2990,22,1033.08,955.76,1011.44,653.60,0.17,500
2992,22,1033.08,955.76,950.27,706.02,0.17,500
2994,22,1033.08,955.76,948.60,694.94,0.17,500
2997,22,1033.08,955.76,934.34,677.75,0.17,500
2999,22,1033.08,955.76,906.81,688.19,0.17,500
3001,22,1033.08,955.76,944.19,700.42,0.17,500
3003,22,1033.08,955.76,923.03,714.70,0.17,500
3005,23,1033.08,955.76,949.97,643.13,0.17,500
3007,23,1033.08,955.76,996.77,676.55,0.17,500
3009,23,1033.08,955.76,926.08,733.28,0.17,500
3011,23,1033.08,955.76,975.21,644.41,0.17,500
3013,23,1033.08,955.76,946.85,723.01,0.17,500
3015,23,1033.08,955.76,924.10,674.85,0.17,500
3017,23,1033.08,955.76,928.82,762.24,0.17,500
3019,23,1033.08,955.76,943.26,737.92,0.17,500
3021,23,1033.08,955.76,994.82,727.99,0.17,500
3024,23,1033.08,955.76,939.76,648.99,0.17,500
3026,23,1033.08,955.76,920.71,689.82,0.17,500
3028,23,1033.08,955.76,948.99,713.21,0.17,500
3030,23,1033.08,955.76,965.74,748.00,0.17,500
3033,23,1033.08,955.76,954.97,653.74,0.17,500
3035,23,1033.08,955.76,965.21,658.91,0.17,500
3038,23,1033.08,955.76,969.73,724.63,0.17,500
3040,23,1033.08,955.76,970.13,689.25,0.17,500
3042,23,1033.08,955.76,951.86,695.10,0.17,500
3044,23,1033.08,955.76,937.41,713.30,0.17,500
3046,23,1033.08,955.76,938.12,621.80,0.17,500
3048,23,1033.08,955.76,918.68,641.94,0.17,500
3050,23,1033.08,955.76,946.45,656.96,0.17,500
3053,23,1033.08,955.76,998.38,719.24,0.17,500
3056,23,1033.08,955.76,909.30,584.33,0.17,500
3059,23,1033.08,955.76,913.48,660.67,0.17,500
3061,24,1033.08,955.76,948.44,661.58,0.17,500
3063,24,1033.08,955.76,940.88,684.18,0.17,500
3065,24,1033.08,955.76,941.11,683.24,0.17,500
3067,24,1033.08,955.76,912.45,642.92,0.17,500
3069,24,1033.08,955.76,923.57,650.19,0.17,500
3071,24,1033.08,955.76,971.05,674.85,0.17,500
3074,24,1033.08,955.76,919.03,636.75,0.17,500
3076,24,1033.08,955.76,959.86,714.39,0.17,500
3078,24,1033.08,955.76,909.71,672.58,0.17,500
3081,24,1033.08,955.76,987.19,657.82,0.17,500
3083,24,1033.08,955.76,913.33,668.61,0.17,500
3085,24,1033.08,955.76,913.19,729.63,0.17,500
3087,24,1033.08,955.76,946.22,693.25,0.17,500
3089,24,1033.08,955.76,890.55,680.46,0.17,500
3091,24,1033.08,955.76,931.03,692.89,0.17,500
3093,24,1033.08,955.76,903.11,724.68,0.17,500
3095,24,1033.08,955.76,931.51,704.16,0.17,500
3097,24,1033.08,955.76,973.90,574.22,0.17,500
3099,24,1033.08,955.76,943.91,704.79,0.17,500
3101,24,1033.08,955.76,922.53,686.18,0.17,500
3103,24,1033.08,955.76,932.84,681.44,0.17,500
3105,24,1033.08,955.76,910.10,681.32,0.17,500
3107,24,1033.08,955.76,883.21,688.13,0.17,500
3109,24,1033.08,955.76,942.87,669.70,0.17,500
3111,24,1033.08,955.76,956.15,698.98,0.17,500
3113,24,1033.08,955.76,889.07,645.94,0.17,500
3115,24,1033.08,955.76,875.39,644.58,0.17,500
3117,25,1108.86,962.13,1108.86,761.62,0.17,600
3119,25,1145.48,1097.90,1069.06,705.00,0.17,600
3121,25,1145.48,1097.90,1096.27,755.23,0.17,600
3123,25,1145.48,1097.90,1117.82,742.62,0.17,600
3125,25,1163.94,1137.57,1163.94,743.98,0.17,600
3127,25,1163.94,1137.57,1131.35,775.51,0.17,600
3129,25,1163.94,1137.57,1112.33,629.92,0.17,600
3131,25,1163.94,1137.57,1146.98,767.24,0.17,600
3133,25,1163.94,1137.57,1137.62,765.94,0.17,600
3135,25,1163.94,1137.57,1112.96,857.61,0.17,600
3137,25,1163.94,1137.57,1106.02,795.17,0.17,600
3139,25,1163.94,1137.57,1069.69,782.20,0.17,600
3141,25,1163.94,1137.57,1106.55,831.21,0.17,600
3143,25,1172.32,1137.57,1127.62,772.33,0.17,600
3145,25,1172.32,1137.57,1052.06,825.67,0.17,600
3147,25,1172.32,1137.57,1155.69,840.72,0.17,600
3149,25,1172.32,1137.57,1152.13,838.03,0.17,600
3151,25,1172.32,1137.57,1148.40,828.10,0.17,600
3153,25,1172.32,1137.57,1125.53,688.60,0.17,600
3155,25,1172.32,1137.57,1166.08,815.93,0.17,600
3157,25,1172.32,1137.57,1093.16,679.70,0.17,600
3159,25,1172.32,1137.57,1083.26,697.55,0.17,600
3161,25,1172.32,1137.57,1123.61,707.25,0.17,600
3163,25,1172.32,1137.57,1098.31,814.19,0.17,600
3165,26,1172.32,1137.57,1035.14,798.45,0.17,600
3167,26,1172.32,1137.57,1070.27,790.35,0.17,600
3169,26,1172.32,1137.57,1085.50,693.77,0.17,600
3171,26,1172.32,1137.57,1074.69,792.73,0.17,600
3173,26,1172.32,1137.57,1018.87,752.54,0.17,600
3175,26,1172.32,1137.57,1008.73,823.69,0.17,600
3177,26,1172.32,1137.57,1038.87,754.27,0.17,600
3179,26,1172.32,1137.57,1053.50,748.29,0.17,600
3181,26,1172.32,1137.57,1042.56,755.63,0.17,600
3183,26,1172.32,1137.57,1134.56,761.83,0.17,600
3185,26,1172.32,1137.57,1093.20,676.34,0.17,600
3187,26,1172.32,1137.57,1056.90,698.27,0.17,600
3189,26,1172.32,1137.57,1088.93,729.55,0.17,600
3191,26,1172.32,1137.57,1039.55,711.74,0.17,600
3193,26,1172.32,1137.57,1049.59,736.07,0.17,600
3195,26,1172.32,1137.57,1147.05,815.11,0.17,600
3197,26,1172.32,1137.57,1108.81,704.47,0.17,600
3199,26,1172.32,1137.57,1143.50,748.44,0.17,600
3201,26,1172.32,1137.57,1085.37,716.40,0.17,600
3203,26,1172.32,1137.57,1146.83,759.27,0.17,600
3205,26,1172.32,1137.57,1047.78,738.23,0.17,600
3207,26,1172.32,1137.57,1023.78,714.06,0.17,600
3209,26,1172.32,1137.57,1026.50,712.11,0.17,600
3211,27,1172.32,1137.57,1014.26,670.72,0.17,600
3213,27,1172.32,1137.57,1017.01,675.24,0.17,600
3215,27,1172.32,1137.57,1007.31,747.09,0.17,600
3217,27,1172.32,1137.57,1018.74,710.65,0.17,600
3219,27,1172.32,1137.57,1018.19,722.61,0.17,600
3221,27,1172.32,1137.57,1029.67,740.76,0.17,600
3223,27,1172.32,1137.57,1076.29,628.71,0.17,600
3225,27,1172.32,1137.57,1092.62,727.70,0.17,600
3227,27,1172.32,1137.57,1011.43,646.63,0.17,600
3229,27,1172.32,1137.57,976.70,775.91,0.17,600
3231,27,1172.32,1137.57,982.63,697.10,0.17,600
3233,27,1172.32,1137.57,969.61,684.61,0.17,600
3235,27,1172.32,1137.57,1014.00,757.18,0.17,600
3237,27,1172.32,1137.57,1047.90,636.55,0.17,600
3239,27,1172.32,1137.57,929.18,615.13,0.17,600
3241,27,1172.32,1137.57,918.90,616.10,0.17,600
3243,27,1172.32,1137.57,1037.22,710.64,0.17,600
3245,27,1172.32,1137.57,1055.75,708.62,0.17,600
3247,27,1172.32,1137.57,1029.44,710.43,0.17,600
3249,27,1172.32,1137.57,1020.09,669.53,0.17,600
3251,27,1172.32,1137.57,1054.77,567.25,0.17,600
3253,27,1172.32,1137.57,1027.07,616.46,0.17,600
3255,27,1172.32,1137.57,1015.92,668.33,0.17,600
3257,27,1172.32,1137.57,1060.80,637.81,0.17,600
3259,28,1172.32,1137.57,971.03,676.30,0.17,600
3261,28,1172.32,1137.57,956.43,718.72,0.17,600
3263,28,1172.32,1137.57,1014.17,745.61,0.17,600
3265,28,1172.32,1137.57,962.37,761.72,0.17,600
3267,28,1172.32,1137.57,1015.82,778.15,0.17,600
3269,28,1172.32,1137.57,1035.76,773.39,0.17,600
3271,28,1172.32,1137.57,1013.57,782.22,0.17,600
3273,28,1172.32,1137.57,1051.51,713.42,0.17,600
3275,28,1172.32,1137.57,1062.54,716.35,0.17,600
3277,28,1172.32,1137.57,1056.10,738.08,0.17,600
3279,28,1172.32,1137.57,1051.84,688.09,0.17,600
3281,28,1172.32,1137.57,1075.68,849.80,0.17,600
3283,28,1172.32,1137.57,1058.30,780.54,0.17,600
3285,28,1172.32,1137.57,1044.63,661.89,0.17,600
3287,28,1172.32,1137.57,1044.72,711.21,0.17,600
3289,28,1172.32,1137.57,1061.68,772.34,0.17,600
3291,28,1172.32,1137.57,1068.43,728.30,0.17,600
3293,28,1172.32,1137.57,1068.03,800.63,0.17,600
3295,28,1172.32,1137.57,1061.58,783.43,0.17,600
3297,28,1172.32,1137.57,1060.49,824.67,0.17,600
3299,28,1172.32,1137.57,1012.07,870.72,0.17,600
3301,28,1172.32,1137.57,1072.32,772.77,0.17,600
3303,28,1172.32,1137.57,1080.60,789.97,0.17,600
3305,29,1172.32,1137.57,1025.83,813.35,0.17,600
3307,29,1172.32,1137.57,1030.28,775.54,0.17,600
3309,29,1172.32,1137.57,1030.81,800.95,0.17,600
3311,29,1172.32,1137.57,1084.24,846.19,0.17,600
3313,29,1172.32,1137.57,1098.79,899.55,0.17,600
3315,29,1172.32,1137.57,1085.20,667.43,0.17,600
3317,29,1172.32,1137.57,1119.45,672.49,0.17,600
3319,29,1172.32,1137.57,1096.90,679.86,0.17,600
3321,29,1172.32,1137.57,1151.40,771.97,0.17,600
3323,29,1172.32,1137.57,1120.43,736.68,0.17,600
3325,29,1172.32,1137.57,1077.00,871.45,0.17,600
3327,29,1172.32,1137.57,1063.51,906.04,0.17,600
3329,29,1172.32,1137.57,1053.49,786.14,0.17,600
3331,29,1172.32,1137.57,1047.73,741.38,0.17,600
3333,29,1172.32,1137.57,1052.74,689.07,0.17,600
3335,29,1172.32,1137.57,1035.32,822.64,0.17,600
3337,29,1172.32,1137.57,1072.89,881.35,0.17,600
3339,29,1172.32,1137.57,1021.37,764.89,0.17,600
3341,29,1172.32,1137.57,1052.93,748.21,0.17,600
3343,29,1172.32,1137.57,1053.44,768.87,0.17,600
3345,29,1172.32,1137.57,1122.06,811.11,0.17,600
3347,29,1172.32,1137.57,1000.50,676.23,0.17,600
3349,29,1172.32,1137.57,1076.95,783.95,0.17,600
3351,29,1172.32,1137.57,1061.72,767.89,0.17,600
3353,30,1172.32,1137.57,1075.62,760.68,0.17,600
3355,30,1278.55,1211.37,1265.84,781.56,0.17,700
3357,30,1278.55,1267.27,1260.35,994.45,0.17,700
3359,30,1278.55,1267.27,1228.48,877.95,0.17,700
3361,30,1278.55,1267.27,1248.73,810.19,0.17,700
3363,30,1278.55,1267.27,1252.77,823.84,0.17,700
3365,30,1285.66,1267.27,1255.36,839.00,0.17,700
3367,30,1297.86,1267.27,1297.86,916.43,0.17,700
3369,30,1297.86,1267.27,1270.50,952.63,0.17,700
3371,30,1297.86,1267.27,1268.82,928.78,0.17,700
3373,30,1297.86,1267.27,1262.25,1011.72,0.17,700
3375,30,1297.86,1267.27,1281.49,961.46,0.17,700
3377,30,1297.86,1267.27,1236.72,967.11,0.17,700
3379,30,1297.86,1267.27,1277.37,969.88,0.17,700
3381,30,1297.86,1267.27,1293.01,907.62,0.17,700
3383,30,1297.86,1267.27,1238.79,866.47,0.17,700
3385,30,1297.86,1267.27,1201.29,921.73,0.17,700
3387,30,1297.86,1267.27,1239.95,938.81,0.17,700
3389,30,1297.86,1267.27,1241.54,877.80,0.17,700
3391,30,1297.86,1267.27,1275.13,831.16,0.17,700
3393,30,1297.86,1267.27,1235.07,861.44,0.17,700
3395,31,1297.86,1267.27,1296.31,885.45,0.17,700
3397,31,1297.86,1267.27,1205.99,855.40,0.17,700
3399,31,1315.08,1267.27,1229.06,920.28,0.17,700
3401,31,1315.08,1267.27,1211.68,817.36,0.17,700
3403,31,1315.08,1267.27,1231.04,796.42,0.17,700
3405,31,1315.08,1267.27,1243.54,745.61,0.17,700
3407,31,1315.08,1267.27,1246.00,748.61,0.17,700
3409,31,1315.08,1267.27,1182.64,813.07,0.17,700
3411,31,1315.08,1267.27,1188.12,896.43,0.17,700
3413,31,1315.08,1267.27,1198.30,916.87,0.17,700
3415,31,1315.08,1267.27,1218.66,856.61,0.17,700
3417,31,1315.08,1267.27,1231.23,844.90,0.17,700
3419,31,1315.08,1267.27,1203.16,755.86,0.17,700
3421,31,1315.08,1267.27,1222.00,890.88,0.17,700
3423,31,1315.08,1267.27,1202.37,890.06,0.17,700
3425,31,1315.08,1267.27,1159.94,909.10,0.17,700
3427,31,1315.08,1267.27,1204.83,953.08,0.17,700
3429,31,1315.08,1267.27,1184.26,918.15,0.17,700
3431,31,1315.08,1267.27,1242.68,778.28,0.17,700
3433,31,1315.08,1267.27,1178.47,827.75,0.17,700
3435,32,1315.08,1267.27,1176.91,953.89,0.17,700
3437,32,1315.08,1267.27,1189.56,918.01,0.17,700
3439,32,1315.08,1267.27,1198.23,831.81,0.17,700
3441,32,1315.08,1267.27,1197.89,847.50,0.17,700
3443,32,1315.08,1267.27,1217.28,977.77,0.17,700
3445,32,1315.08,1267.27,1212.84,905.59,0.17,700
3447,32,1315.08,1267.27,1261.73,740.80,0.17,700
3449,32,1315.08,1267.27,1232.57,969.99,0.17,700
3451,32,1315.08,1267.27,1208.98,965.15,0.17,700
3453,32,1315.08,1267.27,1199.36,939.21,0.17,700
3455,32,1315.08,1271.54,1189.02,907.25,0.17,700
3457,32,1315.08,1271.54,1246.84,987.57,0.17,700
3459,32,1322.21,1271.54,1322.21,921.79,0.17,700
3461,32,1322.21,1271.54,1284.57,881.38,0.17,700
3463,32,1322.21,1271.54,1254.11,784.46,0.17,700
3465,32,1322.21,1271.54,1243.87,870.58,0.17,700
3467,32,1322.21,1271.54,1225.45,921.38,0.17,700
3469,32,1322.21,1271.54,1233.66,818.43,0.17,700
3471,32,1322.21,1271.54,1253.49,880.49,0.17,700
3473,32,1322.21,1271.54,1234.91,847.77,0.17,700
3475,32,1322.21,1271.54,1210.21,665.22,0.17,700
3477,33,1322.21,1271.54,1297.83,886.57,0.17,700
3479,33,1322.21,1271.54,1266.20,797.68,0.17,700
3481,33,1322.21,1271.54,1275.16,799.91,0.17,700
3483,33,1322.21,1271.54,1267.60,831.52,0.17,700
3485,33,1322.21,1271.54,1302.09,878.17,0.17,700
3487,33,1322.21,1271.54,1206.48,855.93,0.17,700
3489,33,1322.21,1271.54,1218.65,859.09,0.17,700
3491,33,1326.11,1271.54,1225.74,925.33,0.17,700
3493,33,1326.11,1271.54,1295.73,931.98,0.17,700
3495,33,1326.11,1271.54,1224.67,892.01,0.17,700
3497,33,1326.11,1271.54,1284.07,918.18,0.17,700
3499,33,1326.11,1271.54,1196.57,856.70,0.17,700
3501,33,1326.11,1271.54,1282.05,962.66,0.17,700
3503,33,1326.11,1271.54,1235.47,993.62,0.17,700
3505,33,1326.11,1271.54,1254.08,863.21,0.17,700
3507,33,1326.11,1271.54,1322.72,931.37,0.17,700
3509,33,1326.11,1271.54,1233.21,829.52,0.17,700
3511,33,1326.11,1271.54,1325.72,846.06,0.17,700
3513,33,1326.11,1271.54,1306.29,986.53,0.17,700
3515,33,1326.11,1271.54,1291.70,876.67,0.17,700
3517,34,1326.11,1271.54,1294.10,1038.16,0.17,700
3519,34,1326.11,1281.63,1268.27,914.14,0.17,700
3521,34,1326.11,1281.63,1292.52,918.41,0.17,700
3523,34,1326.11,1281.63,1307.35,936.59,0.17,700
3525,34,1326.11,1302.08,1314.90,1042.20,0.17,700
3527,34,1330.87,1302.08,1258.54,850.56,0.17,700
3529,34,1330.87,1302.08,1313.90,904.96,0.17,700
3531,34,1330.87,1302.08,1240.36,982.75,0.17,700
3533,34,1332.59,1302.08,1332.59,845.83,0.17,700
3535,34,1332.59,1302.08,1309.58,1036.80,0.17,700
3537,34,1332.59,1302.08,1297.92,885.34,0.17,700
3539,34,1332.59,1302.08,1258.99,1004.09,0.17,700
3541,34,1332.59,1302.08,1278.24,971.18,0.17,700
3543,34,1332.59,1302.08,1288.50,976.59,0.17,700
3545,34,1332.59,1302.08,1313.86,934.39,0.17,700
3547,34,1332.59,1326.31,1281.06,859.52,0.17,700
3549,34,1334.28,1326.31,1277.92,911.54,0.17,700
3551,34,1334.28,1326.31,1280.68,1014.90,0.17,700
3553,34,1334.28,1326.31,1280.07,854.13,0.17,700
3555,34,1334.28,1332.20,1333.44,1020.05,0.17,700
3557,35,1338.72,1332.20,1308.40,987.46,0.17,700
3559,35,1551.96,1430.42,1445.27,1131.82,0.17,800
3561,35,1551.96,1509.16,1494.57,1141.77,0.17,800
3563,35,1551.96,1509.16,1495.18,1065.55,0.17,800
3565,35,1551.96,1509.16,1483.61,1201.09,0.17,800
3567,35,1551.96,1509.16,1475.31,1173.97,0.17,800
3569,35,1551.96,1509.16,1545.61,1130.83,0.17,800
3571,35,1575.67,1509.16,1452.07,914.65,0.17,800
3573,35,1575.67,1509.16,1531.09,1084.28,0.17,800
3575,35,1575.67,1510.49,1458.78,1132.11,0.17,800
3577,35,1575.67,1510.49,1516.64,1080.56,0.17,800
3579,35,1575.67,1510.49,1496.14,1144.79,0.17,800
3581,35,1575.67,1510.49,1458.84,1276.63,0.17,800
3583,35,1575.67,1510.49,1540.54,1079.01,0.17,800
3585,35,1575.67,1510.49,1507.24,1030.62,0.17,800
3587,35,1575.67,1510.49,1508.79,876.04,0.17,800
3589,35,1575.67,1520.50,1529.57,1028.12,0.17,800
3591,35,1575.67,1520.50,1519.68,1063.59,0.17,800
3593,36,1575.67,1520.50,1514.34,1179.45,0.17,800
3595,36,1575.67,1520.50,1515.01,1186.57,0.17,800
3597,36,1575.67,1520.50,1520.24,1169.63,0.17,800
3599,36,1575.67,1520.50,1501.24,1031.46,0.17,800
3601,36,1575.67,1520.50,1483.17,1141.70,0.17,800
3603,36,1575.67,1520.50,1493.16,1019.23,0.17,800
3605,36,1575.67,1520.50,1493.15,1176.11,0.17,800
3607,36,1575.67,1520.50,1485.64,1183.35,0.17,800
3609,36,1575.67,1520.50,1515.64,1130.35,0.17,800
3611,36,1575.67,1520.50,1555.64,1134.59,0.17,800
3613,36,1575.67,1520.50,1553.35,1089.19,0.17,800
3615,36,1603.01,1520.50,1575.20,883.87,0.17,800
3617,36,1603.01,1520.50,1491.18,880.48,0.17,800
3619,36,1606.84,1520.50,1606.84,1150.50,0.17,800
3621,36,1606.84,1520.50,1574.37,1100.90,0.17,800
3623,36,1606.84,1520.50,1508.82,1074.87,0.17,800
3625,36,1606.84,1520.50,1487.38,1078.88,0.17,800
3627,36,1606.84,1520.50,1545.61,1017.91,0.17,800
3629,36,1606.84,1520.50,1499.26,1122.04,0.17,800
3631,37,1606.84,1520.50,1542.42,1145.21,0.17,800
3633,37,1606.84,1520.50,1508.13,1085.05,0.17,800
3635,37,1606.84,1520.50,1531.88,1054.66,0.17,800
3637,37,1606.84,1520.50,1579.53,1193.34,0.17,800
3639,37,1606.84,1520.50,1546.50,1175.75,0.17,800
3641,37,1606.84,1520.50,1530.30,1012.90,0.17,800
3643,37,1606.84,1520.50,1466.02,1127.95,0.17,800
3645,37,1606.84,1520.50,1520.85,1095.13,0.17,800
3647,37,1606.84,1520.50,1452.51,1130.83,0.17,800
3649,37,1606.84,1520.50,1514.43,945.53,0.17,800
3651,37,1606.84,1520.50,1494.21,1086.96,0.17,800
3653,37,1606.84,1520.50,1521.54,1034.84,0.17,800
3655,37,1606.84,1520.50,1561.11,1032.83,0.17,800
3657,37,1606.84,1520.50,1481.21,1067.69,0.17,800
3659,37,1606.84,1520.50,1479.28,1122.15,0.17,800
3661,37,1606.84,1520.50,1451.70,1070.30,0.17,800
3663,37,1606.84,1520.50,1562.16,1158.43,0.17,800
3665,38,1606.84,1520.50,1477.32,1083.12,0.17,800
3667,38,1606.84,1520.50,1537.23,1077.83,0.17,800
3669,38,1606.84,1520.50,1466.72,1030.61,0.17,800
3671,38,1606.84,1520.50,1512.05,1084.38,0.17,800
3673,38,1613.68,1539.87,1613.68,1238.07,0.17,800
3675,38,1613.68,1539.87,1538.57,1122.35,0.17,800
3677,38,1613.68,1539.87,1461.34,1208.05,0.17,800
3679,38,1613.68,1539.87,1545.92,1042.58,0.17,800
3681,38,1613.68,1539.87,1523.73,1035.26,0.17,800
3683,38,1613.68,1539.87,1586.54,1171.66,0.17,800
3685,38,1613.68,1539.87,1556.51,1023.39,0.17,800
3687,38,1625.06,1539.87,1543.55,1091.94,0.17,800
3689,38,1625.06,1539.87,1580.22,972.46,0.17,800
3691,38,1638.93,1539.87,1560.14,1024.64,0.17,800
3693,38,1648.71,1539.87,1648.71,1068.21,0.17,800
3695,38,1648.71,1539.87,1538.25,1105.86,0.17,800
3697,38,1648.71,1539.87,1540.91,1188.09,0.17,800
3699,38,1648.71,1539.87,1538.81,1047.82,0.17,800
3701,38,1648.71,1549.03,1528.82,1033.79,0.17,800
3703,39,1648.71,1549.03,1646.61,1138.11,0.17,800
3705,39,1648.71,1549.03,1578.95,1185.57,0.17,800
3707,39,1648.71,1549.03,1529.16,1204.01,0.17,800
3709,39,1648.71,1549.03,1598.34,1160.51,0.17,800
3711,39,1648.71,1549.89,1561.84,1092.67,0.17,800
3713,39,1648.71,1617.73,1591.27,1063.99,0.17,800
3715,39,1648.71,1617.73,1591.52,1146.32,0.17,800
3717,39,1648.71,1617.73,1615.77,1263.07,0.17,800
3719,39,1648.71,1617.73,1540.23,1107.61,0.17,800
3721,39,1648.71,1617.73,1648.52,1290.55,0.17,800
3723,39,1674.64,1617.73,1674.64,1032.60,0.17,800
3725,39,1696.46,1617.73,1637.63,1121.21,0.17,800
3727,39,1696.46,1617.73,1610.77,1053.99,0.17,800
3729,39,1696.46,1617.73,1560.59,1005.86,0.17,800
3731,39,1730.71,1617.73,1562.61,1200.02,0.17,800
3733,39,1730.71,1617.73,1510.97,1187.94,0.17,800
3735,39,1730.71,1617.73,1468.68,1150.20,0.17,800
3737,39,1730.71,1617.73,1552.98,1070.05,0.17,800
3739,40,1762.21,1617.73,1762.21,1319.65,0.17,900
3740,40,1762.21,1777.84,1760.44,1281.04,0.17,900
3742,40,1772.70,1777.84,1772.70,1280.62,0.17,900
3744,40,1804.86,1777.84,1804.86,1333.17,0.17,900
3746,40,1804.86,1777.84,1702.12,1152.46,0.17,900
3747,40,1804.86,1777.84,1650.90,1388.42,0.17,900
3748,40,1804.86,1777.84,1634.46,1218.86,0.17,900
3749,40,1804.86,1777.84,1710.11,1373.57,0.17,900
3750,40,1804.86,1777.84,1644.49,1349.75,0.17,900
3751,40,1804.86,1777.84,1694.49,1377.51,0.17,900
3752,40,1804.86,1777.84,1669.37,1354.39,0.17,900
3753,40,1804.86,1777.84,1644.16,1267.64,0.17,900
3754,40,1804.86,1777.84,1752.41,1292.41,0.17,900
3756,40,1804.86,1777.84,1721.79,1076.59,0.17,900
3758,40,1804.86,1777.84,1643.90,1022.75,0.17,900
3760,40,1804.86,1777.84,1658.19,1129.39,0.17,900
3761,40,1804.86,1777.84,1718.25,1275.00,0.17,900
3762,40,1804.86,1777.84,1651.78,1263.11,0.17,900
3763,40,1804.86,1777.84,1706.69,1249.77,0.17,900
3765,40,1804.86,1777.84,1782.09,1260.47,0.17,900
3766,40,1804.86,1777.84,1743.72,1338.48,0.17,900
3767,40,1804.86,1777.84,1735.28,1286.79,0.17,900
3768,40,1804.86,1777.84,1734.39,1419.81,0.17,900
3770,41,1804.86,1777.84,1799.64,1228.79,0.17,900
3772,41,1804.86,1777.84,1755.04,1136.85,0.17,900
3774,41,1804.86,1777.84,1785.32,1186.12,0.17,900
3776,41,1804.86,1777.84,1739.93,1375.83,0.17,900
3777,41,1814.87,1777.84,1814.87,1473.06,0.17,900
3778,41,1814.87,1777.84,1707.98,1361.26,0.17,900
3779,41,1814.87,1777.84,1708.71,1359.26,0.17,900
3780,41,1814.87,1777.84,1756.81,1310.13,0.17,900
3781,41,1825.58,1777.84,1825.58,1364.08,0.17,900
3783,41,1825.58,1777.84,1759.71,1230.30,0.17,900
3785,41,1825.58,1777.84,1760.71,1193.78,0.17,900
3786,41,1825.58,1777.84,1821.17,1342.70,0.17,900
3787,41,1825.58,1777.84,1790.48,1374.89,0.17,900
3789,41,1825.58,1777.84,1786.03,1395.86,0.17,900
3791,41,1854.16,1777.84,1826.02,1255.13,0.17,900
3793,41,1854.16,1777.84,1811.26,1412.69,0.17,900
3795,41,1854.16,1777.84,1765.51,1182.75,0.17,900
3796,41,1854.16,1777.84,1769.36,1514.74,0.17,900
3797,41,1854.16,1777.84,1775.08,1404.07,0.17,900
3799,41,1854.16,1777.84,1740.84,1136.32,0.17,900
3800,41,1854.16,1777.84,1820.37,1439.47,0.17,900
3801,42,1854.16,1777.84,1810.74,1351.89,0.17,900
3803,42,1854.16,1777.84,1770.89,1344.76,0.17,900
3804,42,1854.16,1777.84,1827.88,1411.41,0.17,900
3806,42,1854.16,1777.84,1813.93,1227.87,0.17,900
3808,42,1854.16,1777.84,1788.37,1375.44,0.17,900
3809,42,1854.16,1777.84,1810.65,1328.47,0.17,900
3810,42,1854.16,1810.44,1838.43,1434.04,0.17,900
3812,42,1854.16,1810.44,1772.18,1378.40,0.17,900
3814,42,1854.63,1810.44,1819.36,1469.21,0.17,900
3816,42,1854.63,1810.44,1808.05,1319.23,0.17,900
3818,42,1854.63,1810.44,1793.13,1272.70,0.17,900
3820,42,1854.63,1810.44,1804.78,1445.32,0.17,900
3821,42,1854.63,1810.44,1772.50,1424.30,0.17,900
3823,42,1854.63,1810.44,1815.75,1428.17,0.17,900
3824,42,1854.63,1810.44,1835.02,1357.19,0.17,900
3825,42,1854.63,1810.44,1822.24,1539.93,0.17,900
3826,42,1854.63,1810.44,1816.10,1506.08,0.17,900
3828,42,1854.63,1810.44,1841.69,1376.87,0.17,900
3830,42,1858.03,1810.44,1858.03,1334.48,0.17,900
3832,43,1858.03,1810.44,1782.74,1303.47,0.17,900
3834,43,1858.03,1810.44,1824.27,1440.27,0.17,900
3835,43,1858.03,1810.44,1784.08,1371.05,0.17,900
3837,43,1898.02,1810.44,1886.51,1356.95,0.17,900
3838,43,1898.02,1810.44,1752.74,1369.81,0.17,900
3840,43,1898.02,1810.44,1833.43,1309.99,0.17,900
3842,43,1898.02,1835.53,1785.36,1320.54,0.17,900
3844,43,1898.02,1835.53,1813.71,1302.47,0.17,900
3846,43,1898.02,1835.53,1820.62,1480.15,0.17,900
3847,43,1898.02,1835.53,1840.24,1365.78,0.17,900
3848,43,1898.02,1835.53,1790.87,1352.38,0.17,900
3849,43,1898.02,1835.53,1752.32,1417.49,0.17,900
3851,43,1898.02,1835.53,1822.88,1375.12,0.17,900
3853,43,1898.02,1835.53,1786.11,1286.16,0.17,900
3855,43,1898.02,1835.53,1752.29,1262.85,0.17,900
3856,43,1898.02,1835.53,1753.87,1374.83,0.17,900
3857,43,1898.02,1835.53,1729.15,1372.04,0.17,900
3859,43,1898.02,1835.53,1754.09,1322.91,0.17,900
3861,43,1898.02,1835.53,1756.05,1420.70,0.17,900
3863,43,1898.02,1835.53,1782.91,1322.51,0.17,900
3865,44,1898.02,1835.53,1770.30,1208.51,0.17,900
3867,44,1898.02,1835.53,1776.51,1209.45,0.17,900
3868,44,1898.02,1835.53,1777.35,1438.00,0.17,900
3870,44,1898.02,1835.53,1752.12,1365.52,0.17,900
3872,44,1898.02,1835.53,1748.38,1402.29,0.17,900
3873,44,1898.02,1835.53,1756.68,1391.20,0.17,900
3875,44,1898.02,1835.53,1768.20,1337.25,0.17,900
3877,44,1898.02,1835.53,1766.10,1144.20,0.17,900
3879,44,1898.02,1835.53,1749.52,1273.26,0.17,900
3880,44,1898.02,1835.53,1790.45,1286.38,0.17,900
3881,44,1898.02,1835.53,1800.63,1379.22,0.17,900
3882,44,1898.02,1835.53,1758.01,1380.43,0.17,900
3883,44,1898.02,1835.53,1706.07,1410.74,0.17,900
3884,44,1898.02,1835.53,1727.69,1413.37,0.17,900
3885,44,1898.02,1835.53,1704.97,1327.39,0.17,900
3887,44,1898.02,1835.53,1738.83,1177.95,0.17,900
3888,44,1898.02,1835.53,1763.85,1289.62,0.17,900
3890,44,1898.02,1835.53,1791.13,1460.22,0.17,900
3891,44,1898.02,1835.53,1759.23,1366.67,0.17,900
3893,44,1898.02,1835.53,1789.41,1369.40,0.17,900
3895,45,1898.02,1835.53,1764.21,1414.26,0.17,900
3896,45,1966.03,1835.53,1966.03,1553.41,0.17,1000
3897,45,1966.03,1835.53,1899.73,1326.25,0.17,1000
3898,45,1966.03,1835.53,1907.25,1332.63,0.17,1000
3899,45,1976.82,1835.53,1976.82,1315.54,0.17,1000
3900,45,1976.82,1923.35,1957.68,1355.78,0.17,1000
3901,45,2032.19,1923.35,2032.19,1402.46,0.17,1000
3902,45,2032.19,1955.62,1981.22,1574.49,0.17,1000
3904,45,2032.19,1955.62,1906.24,1135.40,0.17,1000
3905,45,2032.19,1955.62,1932.53,1337.85,0.17,1000
3906,45,2032.19,1955.62,1980.19,1559.11,0.17,1000
3907,45,2032.19,1955.62,1948.03,1579.22,0.17,1000
3908,45,2032.19,1955.62,1905.63,1476.76,0.17,1000
3909,45,2032.19,1955.62,1932.49,1633.28,0.17,1000
3910,45,2032.19,1955.62,1943.66,1395.84,0.17,1000
3911,45,2032.19,1955.62,1906.93,1353.76,0.17,1000
3912,45,2032.19,2044.33,2012.35,1411.17,0.17,1000
3913,45,2032.19,2044.33,1990.21,1470.56,0.17,1000
3914,45,2032.19,2044.33,1989.87,1544.77,0.17,1000
3915,45,2032.19,2044.33,1918.32,1452.57,0.17,1000
3916,45,2032.19,2044.33,1914.14,1560.44,0.17,1000
3917,45,2032.19,2044.33,1875.89,1670.54,0.17,1000
3918,45,2032.19,2044.33,1911.97,1425.69,0.17,1000
3919,45,2032.19,2044.33,1896.90,1396.26,0.17,1000
3920,45,2032.19,2044.33,1927.56,1416.85,0.17,1000
3921,45,2032.19,2044.33,1898.99,1374.10,0.17,1000
3922,45,2032.19,2044.33,1888.94,1279.17,0.17,1000
3923,46,2032.19,2044.33,1899.91,1483.10,0.17,1000
3924,46,2032.19,2044.33,1907.56,1486.01,0.17,1000
3925,46,2032.19,2044.33,1862.33,1484.26,0.17,1000
3926,46,2032.19,2044.33,1901.04,1502.60,0.17,1000
3927,46,2032.19,2044.33,1886.42,1683.49,0.17,1000
3928,46,2032.19,2044.33,1919.66,1430.89,0.17,1000
3929,46,2032.19,2044.33,1889.23,1492.31,0.17,1000
3930,46,2032.19,2044.33,1912.28,1417.18,0.17,1000
3931,46,2032.19,2044.33,1917.87,1385.08,0.17,1000
3932,46,2032.19,2044.33,1896.09,1542.42,0.17,1000
3933,46,2032.19,2044.33,1935.67,1507.50,0.17,1000
3934,46,2032.19,2044.33,1938.03,1457.99,0.17,1000
3936,46,2090.93,2044.33,2090.93,1484.97,0.17,1000
3937,46,2090.93,2044.33,1950.97,1285.80,0.17,1000
3938,46,2090.93,2044.33,1996.04,1280.99,0.17,1000
3939,46,2090.93,2044.33,1985.72,1380.45,0.17,1000
3941,46,2090.93,2044.33,1937.65,1100.22,0.17,1000
3942,46,2090.93,2044.33,2005.99,1252.86,0.17,1000
3943,46,2090.93,2044.33,1939.05,1444.07,0.17,1000
3944,46,2090.93,2044.33,1899.20,1326.64,0.17,1000
3945,46,2090.93,2044.33,1901.47,1505.59,0.17,1000
3946,46,2090.93,2044.33,1930.69,1467.01,0.17,1000
3947,46,2090.93,2044.33,2030.88,1351.98,0.17,1000
3948,46,2090.93,2044.33,1922.43,1355.04,0.17,1000
3949,46,2090.93,2044.33,1979.33,1423.93,0.16,1000
3950,46,2090.93,2044.33,2011.08,1270.19,0.16,1000
3951,46,2090.93,2044.33,1984.52,1480.68,0.16,1000
3952,46,2090.93,2044.33,1994.78,1232.33,0.16,1000
3953,47,2090.93,2044.33,1976.38,1341.11,0.16,1000
3954,47,2090.93,2044.33,1961.94,1353.00,0.16,1000
3956,47,2090.93,2044.33,1918.97,1357.98,0.16,1000
3957,47,2090.93,2044.33,1946.00,1431.80,0.16,1000
3958,47,2090.93,2044.33,1958.48,1300.30,0.16,1000
3959,47,2090.93,2044.33,1950.00,1421.71,0.16,1000
3960,47,2090.93,2044.33,1955.98,1498.48,0.16,1000
3961,47,2090.93,2044.33,1919.16,1220.05,0.16,1000
3962,47,2090.93,2044.33,1968.72,1345.72,0.16,1000
3963,47,2090.93,2044.33,1941.10,1507.58,0.16,1000
3964,47,2090.93,2044.33,1947.63,1433.68,0.16,1000
3966,47,2090.93,2044.33,1924.94,1371.61,0.16,1000
3967,47,2090.93,2044.33,2017.84,1449.11,0.16,1000
3968,47,2090.93,2044.33,2074.05,1382.93,0.16,1000
3969,47,2090.93,2044.33,1999.88,1403.07,0.16,1000
3970,47,2090.93,2044.33,1941.55,1468.86,0.16,1000
3971,47,2090.93,2044.33,1892.75,1263.58,0.16,1000
3972,47,2090.93,2044.33,1975.38,1286.09,0.16,1000
3973,47,2090.93,2044.33,1935.52,1492.72,0.16,1000
3974,47,2090.93,2044.33,2004.96,1448.94,0.16,1000
3975,47,2090.93,2044.33,1957.38,1501.49,0.16,1000
3976,47,2090.93,2044.33,1978.82,1480.23,0.16,1000
3977,47,2090.93,2044.33,1891.21,1437.74,0.17,1000
3978,47,2090.93,2044.33,2034.94,1590.33,0.17,1000
3979,47,2090.93,2044.33,1964.90,1417.15,0.17,1000
3980,47,2090.93,2044.33,1987.03,1276.93,0.17,1000
3981,47,2090.93,2044.33,1969.87,1352.26,0.17,1000
3983,48,2090.93,2044.33,1941.01,1174.36,0.17,1000
3984,48,2090.93,2044.33,1999.10,1150.90,0.17,1000
3986,48,2090.93,2044.33,2009.58,1298.85,0.17,1000
3987,48,2090.93,2044.33,1950.32,1379.18,0.17,1000
3988,48,2090.93,2044.33,1936.07,1255.95,0.17,1000
3989,48,2090.93,2044.33,1871.65,1500.16,0.17,1000
3990,48,2090.93,2044.33,1922.05,1377.75,0.17,1000
3991,48,2090.93,2044.33,1932.97,1460.63,0.17,1000
3992,48,2090.93,2044.33,1897.50,1259.50,0.17,1000
3993,48,2090.93,2044.33,1891.17,1305.42,0.17,1000
3994,48,2090.93,2044.33,2013.41,1427.87,0.17,1000
3996,48,2090.93,2044.33,1968.90,1035.54,0.17,1000
3997,48,2090.93,2044.33,1922.83,1252.53,0.17,1000
3999,48,2090.93,2044.33,1920.41,1375.20,0.17,1000
4000,48,2090.93,2044.33,1913.92,1265.95,0.17,1000
4001,48,2090.93,2044.33,1914.59,1325.51,0.17,1000
4002,48,2090.93,2044.33,1968.79,1448.82,0.17,1000
4003,48,2090.93,2044.33,1888.48,1324.10,0.17,1000
4004,48,2090.93,2044.33,1890.85,1361.11,0.17,1000
4005,48,2090.93,2044.33,1910.35,1259.74,0.17,1000
4006,48,2090.93,2044.33,1835.40,1394.96,0.17,1000
4007,48,2090.93,2044.33,1891.50,1454.98,0.17,1000
4008,48,2090.93,2044.33,1856.36,1343.52,0.17,1000
4009,48,2090.93,2044.33,1851.78,1521.98,0.17,1000
4010,48,2090.93,2044.33,1899.76,1338.77,0.17,1000
4011,48,2090.93,2044.33,1862.22,1268.61,0.17,1000
4012,48,2090.93,2044.33,1840.96,1326.15,0.17,1000
4013,49,2090.93,2044.33,1827.63,1308.72,0.17,1000
4014,49,2090.93,2044.33,1876.65,1448.30,0.17,1000
4015,49,2090.93,2044.33,1817.26,1429.60,0.17,1000
4016,49,2090.93,2044.33,1828.45,1477.40,0.17,1000
4017,49,2090.93,2044.33,1861.73,1494.26,0.17,1000
4018,49,2090.93,2044.33,1862.92,1514.30,0.17,1000
4019,49,2090.93,2044.33,1829.37,1517.62,0.17,1000
4020,49,2090.93,2044.33,1858.46,1473.46,0.17,1000
4021,49,2090.93,2044.33,1921.60,1451.80,0.17,1000
4022,49,2090.93,2044.33,1897.22,1440.55,0.17,1000
4023,49,2090.93,2044.33,1842.98,1234.69,0.17,1000
4024,49,2090.93,2044.33,1878.49,1302.84,0.17,1000
4025,49,2090.93,2044.33,1963.10,1268.97,0.17,1000
4026,49,2090.93,2044.33,1890.33,1362.47,0.17,1000
4027,49,2090.93,2044.33,1897.10,1397.48,0.17,1000
4028,49,2090.93,2044.33,1892.52,1407.03,0.17,1000
4029,49,2090.93,2044.33,1954.70,1485.93,0.17,1000
4030,49,2090.93,2044.33,1852.97,1537.71,0.17,1000
4031,49,2090.93,2044.33,1896.81,1582.25,0.17,1000
4032,49,2090.93,2044.33,1994.57,1533.35,0.17,1000
4033,49,2090.93,2044.33,1897.23,1587.37,0.17,1000
4034,49,2090.93,2044.33,1930.67,1598.94,0.17,1000
4035,49,2090.93,2044.33,1941.28,1407.01,0.17,1000
4036,49,2090.93,2044.33,1943.97,1189.70,0.17,1000
4037,49,2090.93,2044.33,1987.48,1220.35,0.17,1000
4038,49,2090.93,2044.33,1965.13,1278.77,0.17,1000
4039,49,2090.93,2044.33,1932.72,1155.77,0.17,1000
4040,49,2090.93,2044.33,1936.71,1220.49,0.17,1000
4041,49,2090.93,2044.33,1963.98,1497.06,0.17,1000
4042,50,2090.93,2044.33,1932.93,1395.49,0.17,1000
4042,50,2090.93,2044.33,1932.93,1395.49,0.17,1000
