4,0,345.99,284.86,345.99,250.94,0.12,450
6,0,553.81,448.46,553.81,450.88,0.12,700
11,0,686.71,615.80,686.71,563.04,0.12,850
14,0,686.71,615.80,307.31,232.69,0.13,350
18,0,686.71,615.80,170.95,147.07,0.13,200
20,0,686.71,615.80,524.25,406.60,0.13,600
22,0,686.71,615.80,168.36,137.76,0.13,200
24,0,840.25,615.80,840.25,636.66,0.13,950
25,0,897.43,641.62,897.43,674.48,0.13,1000
27,0,897.43,641.62,848.42,650.36,0.13,950
31,0,897.47,743.91,897.47,714.55,0.13,1000
33,0,897.47,743.91,582.21,476.89,0.13,650
34,0,897.47,743.91,681.08,537.82,0.13,750
36,0,897.47,743.91,587.97,457.48,0.13,600
37,0,897.47,743.91,817.28,625.69,0.13,850
39,0,897.47,802.33,810.38,668.00,0.13,900
40,0,897.47,802.33,670.29,551.72,0.13,750
42,0,897.47,802.33,542.41,456.71,0.13,600
43,0,897.47,802.33,796.49,637.66,0.13,850
44,0,921.62,802.33,921.62,745.01,0.13,950
46,0,921.62,802.33,449.78,385.34,0.13,500
48,1,921.62,802.33,577.76,483.72,0.13,600
49,1,921.62,802.33,789.61,639.61,0.13,800
51,1,921.62,802.33,438.03,363.36,0.13,450
52,1,921.62,802.33,740.01,606.90,0.13,750
54,1,921.62,802.33,686.34,558.05,0.13,700
56,1,989.38,886.51,989.38,786.81,0.13,1000
58,1,989.38,886.51,637.76,519.20,0.13,650
60,1,989.38,886.51,789.21,622.61,0.13,800
62,1,989.38,886.51,144.02,122.62,0.13,150
64,1,989.38,886.51,635.31,494.14,0.13,650
66,1,989.38,936.07,987.82,742.15,0.14,1000
68,1,989.38,936.07,192.27,163.50,0.14,200
71,1,989.38,936.07,888.05,688.81,0.14,900
73,1,989.38,936.07,492.76,423.95,0.14,500
75,1,989.38,936.07,930.80,768.23,0.14,950
77,1,989.38,936.07,486.30,407.16,0.14,500
79,1,989.38,936.07,686.16,573.58,0.14,700
80,1,990.11,936.07,990.11,821.58,0.14,1000
82,1,990.11,936.07,637.06,532.12,0.14,650
84,1,990.11,936.07,640.82,533.28,0.14,650
85,1,990.11,936.07,986.63,793.00,0.14,1000
86,1,990.11,936.07,739.19,603.62,0.14,750
89,2,990.11,936.07,788.63,640.48,0.14,800
90,2,990.11,936.07,789.23,655.87,0.14,800
91,2,990.11,936.07,883.88,760.65,0.14,900
92,2,990.11,936.07,786.46,700.45,0.14,800
94,2,990.11,936.07,784.87,685.23,0.14,800
96,2,990.11,936.07,586.84,492.19,0.14,600
97,2,990.11,936.07,884.88,783.90,0.14,900
101,2,990.11,936.07,238.23,220.16,0.14,250
103,2,990.11,936.07,538.72,501.16,0.14,550
105,2,990.11,936.07,639.56,595.54,0.14,650
107,2,990.11,936.07,489.70,460.04,0.14,500
111,2,990.11,936.07,191.65,179.18,0.14,200
113,2,990.11,936.07,742.42,676.06,0.14,750
115,2,990.11,936.07,891.81,833.89,0.14,900
117,2,990.11,936.07,693.83,651.04,0.14,700
121,2,990.11,936.07,245.07,229.56,0.14,250
123,2,990.11,936.07,894.25,851.16,0.14,900
125,2,990.11,936.07,194.81,177.45,0.14,200
126,2,990.11,936.07,890.01,835.29,0.14,900
129,2,990.11,936.07,745.94,711.32,0.14,750
131,2,990.11,936.07,545.00,508.52,0.14,550
134,2,990.11,936.07,794.10,735.83,0.14,800
135,2,990.11,936.07,792.19,737.61,0.14,800
136,3,990.11,936.07,890.94,808.80,0.14,900
138,3,990.11,936.07,442.80,407.71,0.14,450
140,3,990.11,936.07,689.91,626.38,0.14,700
142,3,990.11,936.07,741.39,687.72,0.14,750
143,3,993.69,936.07,993.69,907.27,0.14,1000
144,3,993.69,936.07,992.83,890.82,0.14,1000
146,3,993.69,936.07,941.83,804.20,0.14,950
147,3,993.69,936.07,742.10,688.73,0.14,750
148,3,993.69,936.07,742.25,692.41,0.14,750
150,3,993.69,936.07,690.95,642.70,0.14,700
151,3,993.69,936.07,841.39,775.08,0.14,850
152,3,993.69,936.07,839.73,762.97,0.14,850
154,3,993.69,936.07,593.88,570.45,0.14,600
155,3,993.69,971.19,993.17,896.23,0.14,1000
157,3,993.69,971.19,492.97,459.88,0.14,500
159,3,993.69,971.19,840.26,776.62,0.14,850
161,3,993.69,971.19,392.95,347.71,0.14,400
163,3,993.69,971.19,593.20,505.10,0.14,600
165,3,993.69,971.19,944.08,857.32,0.14,950
166,3,993.69,971.19,744.25,702.55,0.14,750
169,3,993.69,971.19,793.40,725.77,0.14,800
171,3,993.69,971.19,943.34,845.35,0.14,950
173,3,993.69,971.19,943.76,889.85,0.14,950
175,4,995.22,971.19,995.22,924.47,0.14,1000
177,4,995.22,971.19,397.42,362.00,0.14,400
180,4,995.22,971.19,97.48,86.46,0.15,100
182,4,995.22,971.19,545.63,493.01,0.15,550
183,4,995.22,971.19,893.28,827.38,0.15,900
185,4,995.22,971.19,447.53,426.90,0.15,450
187,4,995.22,991.18,994.06,952.49,0.15,1000
188,4,995.22,991.18,944.37,902.51,0.15,950
191,4,995.22,991.18,843.64,812.48,0.15,850
193,4,995.22,991.18,98.26,88.05,0.15,100
196,4,995.22,991.18,892.88,827.50,0.15,900
198,4,995.22,991.18,644.73,606.14,0.15,650
201,4,995.22,991.18,346.64,318.04,0.15,350
202,4,995.22,991.18,943.49,892.25,0.15,950
203,4,995.22,991.18,843.98,797.02,0.15,850
205,4,995.22,991.18,745.58,718.74,0.15,750
207,4,995.22,991.18,598.25,561.63,0.15,600
208,4,995.22,991.18,794.82,719.21,0.15,800
210,4,995.22,991.18,296.66,275.86,0.15,300
211,4,995.22,991.18,892.94,818.12,0.15,900
212,4,995.22,991.18,844.09,783.36,0.15,850
214,4,995.22,991.18,345.74,323.05,0.15,350
218,4,995.22,991.18,744.19,712.00,0.15,750
222,5,995.22,991.18,845.80,793.09,0.15,850
224,5,995.22,991.18,347.91,318.25,0.15,350
226,5,995.22,991.18,799.72,736.65,0.15,800
228,5,995.22,991.18,945.40,844.74,0.15,950
231,5,995.22,991.18,748.22,699.68,0.15,750
233,5,995.22,991.18,895.31,789.61,0.15,900
235,5,995.22,991.18,500.05,457.00,0.15,500
236,5,995.26,991.18,995.26,888.52,0.15,1000
237,5,995.26,991.18,944.64,781.86,0.15,950
239,5,995.26,991.18,347.21,296.69,0.15,350
242,5,995.26,991.18,800.29,717.47,0.15,800
244,5,995.26,991.18,900.93,779.72,0.15,900
245,5,995.26,991.18,895.46,763.24,0.15,900
247,5,995.26,991.18,445.38,404.39,0.15,450
249,5,995.26,991.18,248.83,235.02,0.15,250
250,5,995.26,991.18,946.58,880.06,0.15,950
252,5,995.26,991.18,347.72,337.23,0.15,350
254,5,995.26,991.18,496.01,476.98,0.15,500
256,5,995.26,991.18,648.45,601.58,0.15,650
257,5,995.26,991.18,796.20,739.44,0.15,800
261,5,995.26,991.18,597.20,554.74,0.15,600
264,6,995.26,991.18,594.77,554.99,0.15,600
267,6,995.26,991.18,296.08,285.47,0.15,300
268,6,996.82,994.47,996.82,942.25,0.15,1000
270,6,996.82,994.47,445.00,414.98,0.15,450
271,6,996.82,994.47,849.64,776.01,0.15,850
273,6,996.82,994.47,745.90,709.01,0.15,750
274,6,996.82,994.47,794.63,740.41,0.15,800
277,6,996.82,994.47,745.38,707.75,0.15,750
278,6,996.82,994.47,795.34,742.26,0.15,800
280,6,996.82,994.47,695.42,651.92,0.15,700
282,6,996.82,994.47,745.89,712.54,0.15,750
285,6,996.82,994.47,448.44,427.02,0.15,450
286,6,996.82,994.47,995.93,969.44,0.15,1000
288,6,996.82,994.47,299.32,283.26,0.15,300
289,6,996.82,994.47,946.06,866.41,0.15,950
292,6,996.82,994.47,597.38,558.42,0.15,600
294,6,996.82,994.47,697.15,646.77,0.15,700
296,6,996.82,994.47,646.17,593.27,0.15,650
299,6,996.82,994.47,497.43,459.08,0.15,500
302,6,996.82,994.47,497.24,472.57,0.15,500
303,6,996.82,994.47,845.98,763.18,0.15,850
305,6,996.82,994.47,47.36,43.22,0.15,50
308,6,996.82,994.47,849.29,764.22,0.15,850
310,6,996.82,994.47,898.09,835.22,0.15,900
312,7,996.82,994.47,748.15,705.04,0.15,750
313,7,996.82,994.47,845.42,813.85,0.15,850
315,7,996.82,994.47,845.52,796.42,0.15,850
316,7,996.82,994.47,847.89,812.96,0.15,850
318,7,996.82,994.47,847.10,785.75,0.15,850
319,7,996.82,994.47,896.08,865.57,0.15,900
321,7,996.82,994.47,645.91,613.36,0.15,650
322,7,996.82,994.47,797.21,750.57,0.15,800
323,7,996.82,994.47,748.01,718.38,0.15,750
325,7,996.82,994.47,945.03,898.83,0.15,950
327,7,996.82,994.47,545.53,519.60,0.15,550
330,7,996.82,994.47,746.56,701.95,0.15,750
331,7,997.64,996.74,997.64,935.10,0.15,1000
334,7,997.64,996.74,98.04,93.86,0.15,100
336,7,997.64,996.74,897.09,832.47,0.15,900
339,7,997.64,996.74,646.97,595.60,0.15,650
341,7,997.64,996.74,498.91,462.33,0.15,500
343,7,997.64,996.74,696.46,651.23,0.15,700
345,7,997.64,996.74,748.79,720.60,0.15,750
346,7,997.64,996.74,800.01,743.86,0.15,800
348,7,997.64,996.74,797.65,738.75,0.15,800
349,7,997.64,996.74,949.57,886.82,0.15,950
350,7,997.64,996.74,697.98,648.82,0.15,700
351,7,997.64,996.74,799.65,743.15,0.15,800
353,8,997.64,996.74,949.79,863.11,0.15,950
354,8,997.64,996.74,748.70,689.99,0.15,750
357,8,997.64,996.74,850.99,778.81,0.15,850
358,8,997.64,996.74,948.29,883.72,0.15,950
359,8,997.64,996.74,747.59,699.74,0.15,750
360,8,997.64,996.74,798.58,758.18,0.15,800
362,8,997.64,998.27,997.42,929.44,0.15,1000
363,8,997.64,998.27,897.59,830.82,0.15,900
365,8,997.64,998.27,500.46,471.43,0.15,500
367,8,997.64,998.27,997.58,931.52,0.15,1000
370,8,997.64,998.27,897.52,879.01,0.15,900
372,8,997.64,998.27,798.22,747.35,0.15,800
375,8,997.64,998.27,848.05,796.27,0.15,850
378,8,997.64,998.27,749.86,696.23,0.15,750
380,8,997.64,998.27,650.15,590.91,0.15,650
382,8,997.64,998.27,450.81,427.90,0.15,450
385,8,997.64,998.27,750.67,684.14,0.15,750
388,8,997.64,998.27,101.82,91.23,0.15,100
389,8,997.64,998.27,751.47,688.18,0.15,750
390,8,1001.20,998.27,1001.20,902.21,0.15,1000
392,8,1001.20,998.27,898.85,828.79,0.15,900
394,8,1001.20,998.27,850.07,766.97,0.15,850
397,9,1001.20,998.27,351.84,332.31,0.15,350
398,9,1001.20,998.27,750.31,678.91,0.15,750
399,9,1001.20,998.27,901.52,836.38,0.15,900
400,9,1001.20,998.27,950.63,884.19,0.15,950
402,9,1001.20,998.27,997.79,903.24,0.15,1000
404,9,1001.20,998.27,850.51,779.24,0.15,850
407,9,1001.20,998.27,550.00,516.12,0.15,550
410,9,1001.20,998.27,647.34,625.13,0.15,650
411,9,1001.20,998.27,947.36,886.17,0.15,950
413,9,1001.20,998.27,597.85,575.62,0.15,600
415,9,1001.20,998.27,149.73,140.18,0.16,150
416,9,1001.20,998.27,847.46,797.14,0.16,850
418,9,1001.20,998.27,702.02,648.72,0.16,700
420,9,1001.20,998.27,852.87,801.60,0.16,850
423,9,1001.20,998.27,999.04,930.37,0.16,1000
424,9,1001.20,998.27,1000.65,944.83,0.16,1000
427,9,1001.20,998.27,701.65,641.56,0.16,700
430,9,1001.20,998.27,500.25,461.27,0.16,500
432,9,1001.20,998.27,402.30,373.31,0.16,400
433,9,1001.20,998.27,1000.62,891.61,0.16,1000
435,9,1001.20,998.27,599.53,546.38,0.16,600
438,9,1001.20,998.27,53.28,46.81,0.16,50
440,10,1001.20,998.27,947.92,886.28,0.16,950
441,10,1001.20,998.27,996.56,927.01,0.16,1000
443,10,1001.20,998.27,702.95,658.64,0.16,700
445,10,1001.20,998.27,650.03,604.80,0.16,650
446,10,1001.20,998.27,996.09,909.79,0.16,1000
448,10,1001.20,998.27,599.83,558.79,0.16,600
451,10,1001.20,998.27,745.19,698.25,0.16,750
454,10,1001.20,998.27,698.18,648.06,0.16,700
456,10,1001.20,998.27,549.85,510.42,0.16,550
458,10,1001.20,998.27,301.05,281.62,0.16,300
459,10,1001.20,998.27,749.65,698.74,0.16,750
461,10,1001.20,998.27,546.32,493.77,0.16,550
462,10,1001.20,998.27,993.10,888.73,0.16,1000
463,10,1001.20,998.27,994.28,883.60,0.16,1000
464,10,1001.20,998.27,746.45,687.82,0.16,750
466,10,1001.20,998.27,993.80,890.46,0.16,1000
469,10,1001.20,998.27,746.45,664.61,0.16,750
472,10,1001.20,998.27,845.39,798.85,0.16,850
474,10,1001.20,998.27,300.18,277.15,0.16,300
476,10,1001.20,998.27,895.41,846.74,0.16,900
480,10,1001.20,998.27,98.81,86.10,0.16,100
481,10,1001.20,998.27,992.44,921.71,0.16,1000
483,11,1001.20,998.27,799.07,730.32,0.16,800
484,11,1001.20,998.27,945.68,818.47,0.16,950
485,11,1001.20,998.27,894.30,822.45,0.16,900
486,11,1001.20,998.27,746.56,689.41,0.16,750
487,11,1001.20,998.27,892.71,831.01,0.16,900
489,11,1001.20,998.27,846.53,805.96,0.16,850
491,11,1001.20,998.27,302.11,281.87,0.16,300
493,11,1001.20,998.27,847.37,773.79,0.16,850
494,11,1001.20,998.27,845.43,787.09,0.16,850
495,11,1001.20,998.27,947.07,874.88,0.16,950
497,11,1001.20,998.27,752.57,702.67,0.16,750
499,11,1001.20,998.27,597.56,568.33,0.16,600
501,11,1001.20,998.27,996.20,924.23,0.16,1000
502,11,1001.20,998.27,946.18,898.65,0.16,950
504,11,1001.20,998.27,397.68,374.96,0.16,400
505,11,1001.20,998.27,993.95,929.02,0.16,1000
506,11,1001.20,998.27,894.35,842.32,0.16,900
509,11,1001.20,998.27,644.55,623.90,0.16,650
511,11,1001.20,998.27,496.39,478.26,0.16,500
513,11,1001.20,998.27,744.60,718.18,0.16,750
514,11,1001.20,998.27,892.01,855.59,0.16,900
515,11,1001.20,998.27,944.15,915.04,0.16,950
518,11,1001.20,998.27,895.53,853.86,0.16,900
520,11,1001.20,998.27,396.49,377.86,0.16,400
522,12,1001.20,998.27,497.50,474.46,0.16,500
524,12,1001.20,998.27,445.99,433.35,0.16,450
527,12,1001.20,998.27,246.89,236.26,0.16,250
531,12,1001.20,998.27,447.41,429.64,0.16,450
532,12,1001.20,998.27,995.37,948.49,0.16,1000
535,12,1001.20,998.27,449.59,421.40,0.16,450
537,12,1001.20,998.27,849.27,817.86,0.16,850
538,12,1001.20,998.27,799.68,763.86,0.16,800
539,12,1001.20,998.27,848.45,823.87,0.16,850
543,12,1001.20,998.27,451.14,425.20,0.16,450
544,12,1001.20,998.27,745.85,714.59,0.16,750
545,12,1001.20,998.27,797.90,751.44,0.16,800
547,12,1001.20,998.27,697.09,667.12,0.16,700
549,12,1001.20,998.27,201.33,192.20,0.16,200
553,12,1001.20,998.27,597.85,579.57,0.16,600
554,12,1001.20,998.27,946.74,887.43,0.16,950
556,12,1001.20,998.27,449.31,432.69,0.16,450
557,12,1001.20,998.27,747.35,731.77,0.16,750
558,12,1001.20,998.27,748.88,723.09,0.16,750
560,12,1001.20,998.27,698.18,677.24,0.16,700
562,12,1001.20,998.27,547.87,526.39,0.16,550
564,12,1001.20,998.27,153.17,145.95,0.16,150
565,12,1001.20,998.27,799.68,775.29,0.16,800
567,12,1001.20,998.27,551.72,536.44,0.16,550
570,12,1001.20,998.27,350.43,327.10,0.16,350
571,13,1001.20,998.27,998.00,969.58,0.16,1000
573,13,1001.20,998.27,651.85,632.95,0.16,650
575,13,1001.20,998.27,353.15,337.25,0.16,350
577,13,1001.20,998.27,505.61,466.72,0.16,500
578,13,1001.20,998.27,751.01,727.19,0.16,750
580,13,1001.20,998.27,104.15,94.66,0.16,100
581,13,1001.20,998.27,801.31,751.08,0.16,800
583,13,1001.20,998.27,701.11,669.80,0.16,700
585,13,1001.20,998.27,797.69,756.52,0.16,800
586,13,1001.20,998.27,751.67,699.85,0.16,750
588,13,1001.20,998.27,952.02,923.16,0.16,950
590,13,1001.20,998.27,1000.57,981.77,0.16,1000
593,13,1001.20,998.27,649.57,627.30,0.16,650
595,13,1001.20,998.27,1001.14,939.22,0.16,1000
597,13,1001.20,998.27,355.72,334.84,0.16,350
599,13,1001.20,998.27,452.14,430.13,0.16,450
602,13,1001.20,998.27,157.70,147.40,0.16,150
603,13,1001.20,998.27,805.20,771.76,0.16,800
604,13,1001.20,998.27,753.06,725.37,0.16,750
605,13,1003.20,1003.28,1003.20,955.59,0.16,1000
607,13,1003.20,1003.28,655.67,629.72,0.16,650
609,13,1003.20,1003.28,759.43,717.77,0.16,750
611,14,1003.20,1003.28,753.21,721.84,0.16,750
612,14,1005.05,1003.28,1005.05,963.45,0.16,1000
614,14,1005.05,1003.28,754.29,700.71,0.16,750
616,14,1005.05,1003.28,704.12,672.72,0.16,700
620,14,1005.05,1003.28,703.85,678.80,0.16,700
622,14,1005.05,1003.28,606.01,572.59,0.16,600
623,14,1005.05,1003.28,1002.77,959.09,0.16,1000
624,14,1005.05,1003.28,853.75,796.78,0.16,850
625,14,1005.05,1003.28,806.74,761.86,0.16,800
627,14,1005.05,1003.28,605.21,590.59,0.16,600
629,14,1005.05,1003.28,256.31,240.75,0.16,250
630,14,1005.05,1003.28,851.64,822.92,0.16,850
631,14,1005.05,1003.28,753.85,727.43,0.16,750
633,14,1005.05,1003.28,947.95,906.13,0.16,950
635,14,1005.05,1003.28,651.28,614.16,0.16,650
638,14,1005.05,1003.28,803.57,745.08,0.16,800
640,14,1005.05,1003.28,905.65,868.59,0.16,900
643,14,1005.05,1003.28,304.90,289.56,0.16,300
645,14,1005.05,1003.28,457.97,430.80,0.16,450
647,14,1005.05,1003.28,951.07,880.68,0.16,950
649,14,1005.05,1003.28,904.72,878.62,0.16,900
652,14,1005.05,1003.28,207.12,195.84,0.16,200
654,14,1005.05,1003.28,655.36,636.93,0.16,650
656,15,1005.05,1003.28,357.21,339.81,0.16,350
658,15,1005.05,1003.28,753.98,729.73,0.16,750
660,15,1005.05,1005.71,1003.83,977.11,0.16,1000
661,15,1005.05,1005.71,956.64,939.62,0.16,950
664,15,1005.05,1005.71,110.85,99.37,0.16,100
666,15,1005.05,1005.71,954.62,923.16,0.16,950
668,15,1005.05,1005.71,207.79,195.99,0.16,200
671,15,1005.05,1005.71,458.05,438.89,0.16,450
673,15,1005.05,1005.71,955.03,909.98,0.16,950
676,15,1005.05,1005.71,908.32,869.31,0.16,900
679,15,1005.05,1005.71,710.10,680.16,0.16,700
680,15,1005.05,1005.71,860.67,827.50,0.16,850
682,15,1005.05,1005.71,459.12,433.97,0.16,450
684,15,1005.05,1005.71,460.12,435.26,0.16,450
685,15,1005.05,1005.71,808.22,789.27,0.16,800
686,15,1005.05,1005.71,758.27,716.05,0.16,750
687,15,1005.05,1005.71,859.09,836.06,0.16,850
689,15,1005.05,1005.71,959.92,935.55,0.16,950
690,15,1005.05,1005.71,962.78,928.31,0.16,950
693,15,1005.05,1005.71,460.41,434.59,0.16,450
696,15,1005.05,1005.71,563.36,546.05,0.16,550
698,15,1005.05,1005.71,463.49,448.80,0.16,450
700,15,1005.05,1005.71,707.97,687.05,0.16,700
702,16,1005.05,1005.71,312.88,298.51,0.16,300
705,16,1005.05,1005.71,560.69,543.63,0.16,550
707,16,1005.05,1005.71,212.92,200.70,0.16,200
709,16,1005.05,1005.71,758.87,739.87,0.16,750
711,16,1005.05,1005.71,660.81,637.48,0.16,650
712,16,1005.05,1005.71,809.10,776.92,0.16,800
714,16,1005.05,1005.71,609.00,576.77,0.16,600
716,16,1005.05,1005.71,561.13,539.63,0.16,550
718,16,1005.05,1005.71,808.29,769.03,0.16,800
720,16,1005.05,1005.71,910.09,858.18,0.16,900
721,16,1005.05,1005.71,958.64,895.79,0.16,950
722,16,1005.05,1005.71,760.75,703.48,0.16,750
724,16,1005.05,1005.71,461.30,419.61,0.16,450
726,16,1005.05,1005.71,266.60,239.60,0.16,250
727,16,1008.46,1006.16,1008.46,948.15,0.16,1000
729,16,1008.46,1006.16,509.96,475.07,0.16,500
731,16,1008.46,1006.16,760.97,717.39,0.16,750
732,16,1009.46,1010.60,1009.46,977.63,0.16,1000
734,16,1009.46,1010.60,311.62,297.85,0.16,300
738,16,1009.46,1010.60,959.26,913.35,0.16,950
740,16,1009.46,1010.60,266.11,251.94,0.16,250
742,16,1009.46,1010.60,510.93,498.41,0.16,500
743,16,1009.46,1010.60,860.03,825.00,0.16,850
745,16,1009.46,1010.60,313.24,303.17,0.16,300
747,17,1010.06,1010.60,1010.06,978.84,0.16,1000
748,17,1010.06,1010.60,762.07,746.77,0.16,750
750,17,1012.07,1010.60,1012.07,985.71,0.16,1000
751,17,1012.07,1010.60,762.49,740.25,0.16,750
753,17,1012.07,1010.60,709.33,695.17,0.16,700
754,17,1012.07,1010.60,809.82,769.48,0.16,800
755,17,1012.07,1010.60,864.26,827.78,0.16,850
757,17,1012.07,1010.60,864.10,847.27,0.16,850
760,17,1012.07,1010.60,765.27,748.41,0.16,750
762,17,1012.07,1010.60,265.44,253.50,0.16,250
764,17,1012.07,1010.60,665.96,643.88,0.16,650
765,17,1012.07,1010.60,865.56,842.70,0.16,850
767,17,1012.07,1010.60,719.03,702.33,0.16,700
769,17,1012.07,1010.60,915.06,877.52,0.16,900
772,17,1012.07,1010.60,515.32,492.26,0.16,500
774,17,1015.58,1012.38,1015.58,981.60,0.16,1000
775,17,1015.58,1012.38,963.84,935.20,0.16,950
776,17,1015.58,1012.38,963.81,939.37,0.16,950
782,17,1015.58,1012.38,615.71,596.87,0.16,600
786,17,1015.58,1012.38,464.97,445.39,0.16,450
787,17,1015.58,1012.38,816.88,794.19,0.16,800
789,17,1016.18,1012.38,1016.18,993.39,0.16,1000
791,18,1016.18,1012.38,266.87,254.07,0.16,250
793,18,1016.18,1012.38,716.33,693.28,0.16,700
795,18,1016.18,1012.38,913.95,881.75,0.16,900
797,18,1016.18,1012.38,964.82,932.30,0.16,950
799,18,1016.18,1012.38,768.80,736.33,0.16,750
801,18,1016.18,1012.38,617.58,582.02,0.16,600
803,18,1016.18,1012.38,218.56,206.08,0.16,200
804,18,1016.18,1012.38,814.90,792.29,0.16,800
807,18,1016.18,1012.38,764.43,743.34,0.16,750
809,18,1016.18,1012.38,764.39,739.27,0.16,750
812,18,1016.18,1012.38,54.64,44.31,0.16,50
814,18,1016.18,1012.38,464.14,446.81,0.16,450
815,18,1016.18,1012.38,957.92,923.05,0.16,950
816,18,1016.18,1012.38,962.39,921.71,0.16,950
818,18,1016.18,1012.38,908.28,888.14,0.16,900
820,18,1016.18,1012.38,761.49,736.65,0.16,750
821,18,1016.18,1012.38,958.32,927.45,0.16,950
823,18,1016.18,1012.38,1009.58,980.05,0.16,1000
825,18,1016.18,1012.38,1012.53,994.29,0.16,1000
827,18,1016.18,1012.38,318.72,298.73,0.16,300
828,18,1016.18,1012.38,764.41,718.77,0.16,750
829,18,1016.18,1012.38,1015.22,973.75,0.16,1000
832,18,1016.18,1012.38,915.97,874.16,0.16,900
833,19,1016.18,1012.38,1015.01,979.69,0.16,1000
834,19,1016.18,1012.38,763.32,749.93,0.16,750
835,19,1016.18,1012.38,962.55,930.97,0.16,950
836,19,1016.18,1012.38,1012.29,997.05,0.16,1000
837,19,1016.18,1012.38,963.01,946.51,0.16,950
838,19,1016.18,1012.38,816.71,796.03,0.16,800
839,19,1016.18,1012.38,814.26,797.47,0.16,800
841,19,1016.18,1012.38,714.61,695.46,0.16,700
843,19,1016.18,1012.38,1013.35,953.56,0.16,1000
846,19,1016.18,1012.38,961.63,923.66,0.16,950
847,19,1016.18,1012.38,912.03,882.99,0.16,900
848,19,1016.18,1012.38,762.71,747.29,0.16,750
849,19,1016.18,1012.38,815.96,784.81,0.16,800
850,19,1016.18,1012.38,864.45,843.93,0.16,850
852,19,1016.18,1012.38,515.73,499.69,0.16,500
854,19,1016.18,1012.38,913.43,881.19,0.16,900
856,19,1016.18,1012.38,465.82,451.69,0.16,450
857,19,1016.18,1012.38,809.65,778.62,0.16,800
859,19,1016.18,1012.38,465.46,444.36,0.16,450
860,19,1016.18,1012.38,767.81,737.45,0.16,750
863,19,1016.18,1012.38,317.62,301.28,0.16,300
865,19,1016.18,1012.38,664.32,645.17,0.16,650
866,19,1016.18,1012.38,1011.42,962.77,0.16,1000
868,20,1016.18,1012.38,1008.69,937.01,0.16,1000
870,20,1016.18,1012.38,514.76,498.61,0.16,500
872,20,1016.18,1012.38,813.43,781.86,0.16,800
875,20,1016.18,1012.38,367.18,353.97,0.16,350
876,20,1016.18,1012.38,811.61,769.12,0.16,800
879,20,1016.18,1012.38,862.04,807.81,0.16,850
880,20,1016.18,1012.38,958.32,893.45,0.17,950
882,20,1016.18,1012.38,664.89,639.18,0.17,650
884,20,1016.18,1012.38,265.84,256.18,0.17,250
886,20,1016.18,1012.38,962.38,907.31,0.16,950
888,20,1016.18,1012.38,663.37,644.17,0.17,650
890,20,1016.18,1012.38,170.08,159.09,0.17,150
893,20,1016.18,1012.38,814.80,738.58,0.17,800
894,20,1016.18,1012.38,962.90,899.71,0.17,950
897,20,1016.18,1012.38,668.04,646.64,0.17,650
898,20,1016.18,1012.38,1014.67,995.69,0.17,1000
900,20,1016.18,1012.38,271.47,257.84,0.17,250
902,20,1016.18,1012.38,570.86,554.82,0.17,550
904,20,1016.18,1012.38,814.82,795.46,0.17,800
908,20,1016.18,1012.38,420.56,407.35,0.17,400
911,20,1016.18,1012.38,270.65,254.61,0.17,250
913,20,1016.18,1012.38,271.59,261.60,0.17,250
915,20,1016.18,1012.38,1014.52,978.26,0.17,1000
917,21,1016.18,1012.38,816.29,792.91,0.17,800
919,21,1016.18,1012.38,820.41,798.08,0.17,800
922,21,1016.18,1012.38,815.99,791.86,0.17,800
923,21,1016.18,1012.38,919.24,881.24,0.17,900
926,21,1016.18,1012.38,818.64,793.37,0.17,800
927,21,1016.18,1012.38,866.46,837.38,0.17,850
929,21,1017.79,1012.38,1017.79,995.41,0.17,1000
931,21,1017.79,1012.38,516.47,502.56,0.17,500
932,21,1017.79,1012.38,767.99,745.36,0.17,750
934,21,1017.79,1012.38,665.75,654.83,0.17,650
935,21,1017.79,1012.38,818.84,799.98,0.17,800
939,21,1017.79,1012.38,270.93,251.74,0.17,250
941,21,1017.79,1012.38,766.79,729.60,0.17,750
942,21,1017.79,1012.38,864.88,832.17,0.17,850
944,21,1017.79,1012.38,667.63,636.04,0.17,650
946,21,1017.79,1012.38,520.45,503.77,0.17,500
948,21,1017.79,1012.38,763.94,736.62,0.17,750
949,21,1017.79,1014.57,1017.15,993.50,0.17,1000
950,21,1017.79,1014.57,1013.57,970.53,0.17,1000
953,21,1017.79,1014.57,219.46,206.21,0.17,200
955,21,1017.79,1014.57,866.92,809.39,0.17,850
958,21,1017.79,1014.57,868.50,818.78,0.17,850
960,22,1017.79,1014.57,1015.98,959.13,0.17,1000
961,22,1017.79,1014.57,816.84,784.04,0.17,800
962,22,1017.79,1014.57,968.57,936.29,0.17,950
964,22,1017.79,1014.57,718.62,709.63,0.17,700
965,22,1017.79,1014.57,866.52,801.44,0.17,850
968,22,1017.79,1014.57,421.43,409.38,0.16,400
970,22,1017.79,1014.57,124.70,112.17,0.16,100
972,22,1017.79,1014.57,272.79,255.79,0.16,250
974,22,1017.79,1014.57,518.04,481.07,0.16,500
978,22,1017.79,1014.57,618.05,592.71,0.16,600
981,22,1017.79,1014.57,367.51,344.61,0.16,350
983,22,1017.79,1014.57,666.94,635.70,0.16,650
985,22,1017.79,1014.57,516.53,500.34,0.16,500
986,22,1017.79,1014.57,1014.31,977.99,0.16,1000
988,22,1017.79,1014.57,467.77,446.93,0.16,450
991,22,1017.79,1014.57,814.31,783.50,0.16,800
994,22,1017.79,1014.57,915.67,872.53,0.16,900
996,22,1017.79,1014.57,171.77,162.01,0.16,150
998,22,1017.79,1014.57,1017.63,973.58,0.16,1000
1001,22,1017.79,1014.57,816.70,767.21,0.16,800
1002,22,1017.79,1014.57,770.61,712.20,0.16,750
1004,22,1017.79,1014.57,418.34,397.07,0.16,400
1006,23,1017.79,1014.57,420.15,405.91,0.16,400
1007,23,1017.79,1014.57,867.93,827.43,0.16,850
1009,23,1017.79,1014.57,766.85,737.93,0.16,750
1010,23,1017.79,1014.57,918.54,866.53,0.16,900
1012,23,1017.79,1014.57,917.52,894.07,0.16,900
1014,23,1017.79,1014.57,915.62,883.63,0.16,900
1015,23,1017.79,1014.57,865.53,836.69,0.16,850
1017,23,1017.79,1014.57,220.37,208.90,0.16,200
1020,23,1017.79,1014.57,521.11,504.42,0.17,500
1023,23,1017.79,1014.57,617.85,587.92,0.17,600
1025,23,1017.79,1014.57,915.82,892.87,0.17,900
1027,23,1017.79,1014.57,816.86,793.89,0.17,800
1029,23,1017.79,1014.57,720.50,698.40,0.17,700
1032,23,1017.79,1014.57,1017.36,980.65,0.17,1000
1036,23,1017.79,1014.57,124.11,112.92,0.17,100
1038,23,1017.79,1014.57,518.96,478.82,0.17,500
1040,23,1017.79,1014.57,567.65,542.49,0.17,550
1042,23,1017.79,1014.57,617.95,590.88,0.17,600
1044,23,1017.79,1014.57,863.67,847.35,0.17,850
1045,23,1017.79,1014.57,1014.77,982.96,0.17,1000
1047,23,1017.79,1014.57,568.52,558.20,0.17,550
1049,23,1017.79,1014.57,617.12,605.40,0.17,600
1050,24,1017.79,1014.57,915.31,888.21,0.17,900
1052,24,1017.79,1014.57,371.22,358.68,0.17,350
1054,24,1017.79,1014.57,572.76,547.84,0.17,550
1056,24,1017.79,1014.57,527.35,486.80,0.17,500
1058,24,1017.79,1014.57,372.33,359.62,0.17,350
1060,24,1017.79,1014.57,473.81,456.02,0.17,450
1062,24,1017.79,1014.57,272.62,260.77,0.17,250
1064,24,1017.79,1014.57,770.05,744.19,0.17,750
1067,24,1017.79,1014.57,223.61,213.43,0.17,200
1070,24,1017.79,1014.57,225.20,214.25,0.17,200
1071,24,1017.79,1014.57,871.40,833.40,0.17,850
1072,24,1017.79,1014.57,971.50,931.94,0.17,950
1077,24,1017.79,1014.57,274.52,261.40,0.17,250
1079,24,1017.79,1014.57,174.26,156.62,0.17,150
1080,24,1017.79,1014.57,822.13,768.57,0.17,800
1082,24,1017.79,1014.57,470.77,435.51,0.17,450
1085,24,1017.79,1014.57,621.37,592.36,0.17,600
1086,24,1017.79,1014.57,768.34,733.07,0.17,750
1087,24,1022.61,1017.56,1022.61,988.92,0.17,1000
1091,24,1022.61,1017.56,520.33,489.51,0.17,500
1092,24,1022.61,1017.56,866.28,788.95,0.17,850
1094,24,1022.61,1017.56,420.83,376.98,0.16,400
1095,24,1022.61,1017.56,817.47,728.49,0.16,800
1097,24,1022.61,1017.56,568.16,526.05,0.16,550
1099,24,1022.61,1017.56,818.77,773.44,0.16,800
1101,25,1022.61,1017.56,174.92,161.51,0.16,150
1103,25,1022.61,1017.56,717.52,697.47,0.16,700
1105,25,1022.61,1019.15,1016.21,991.84,0.16,1000
1109,25,1022.61,1019.15,225.12,210.40,0.16,200
1110,25,1022.61,1019.15,820.10,801.00,0.16,800
1112,25,1022.61,1019.15,923.21,894.76,0.16,900
1116,25,1022.61,1019.15,623.57,607.13,0.16,600
1117,25,1022.61,1019.15,871.94,840.75,0.16,850
1119,25,1022.61,1019.15,772.53,742.70,0.16,750
1124,25,1022.61,1019.15,372.25,357.41,0.16,350
1125,25,1022.61,1019.68,1019.21,976.07,0.16,1000
1126,25,1022.61,1019.68,968.42,924.29,0.16,950
1129,25,1022.61,1019.68,668.83,653.28,0.16,650
1133,25,1022.61,1019.68,373.06,351.13,0.16,350
1135,25,1022.61,1019.68,172.74,160.02,0.16,150
1137,25,1022.61,1019.68,672.11,647.81,0.16,650
1139,25,1022.61,1019.68,820.24,787.02,0.16,800
1142,25,1022.61,1019.68,524.03,496.40,0.16,500
1144,25,1022.61,1019.68,872.32,830.94,0.16,850
1146,25,1022.61,1019.68,674.67,638.64,0.16,650
1148,25,1022.61,1019.68,322.29,293.26,0.17,300
1150,25,1022.61,1019.68,970.86,928.07,0.17,950
1151,26,1022.61,1019.68,1019.75,972.99,0.17,1000
1152,26,1022.61,1019.68,1021.91,965.40,0.17,1000
1153,26,1022.61,1019.68,773.39,715.45,0.17,750
1156,26,1022.61,1019.68,374.19,350.92,0.17,350
1158,26,1022.61,1019.68,474.62,452.72,0.17,450
1159,26,1022.61,1019.68,920.99,892.31,0.17,900
1161,26,1022.61,1019.68,868.52,839.72,0.17,850
1164,26,1022.61,1019.68,1020.29,990.77,0.17,1000
1166,26,1022.61,1019.68,723.93,685.24,0.17,700
1168,26,1022.61,1019.68,868.86,837.87,0.17,850
1170,26,1022.61,1019.68,176.35,154.84,0.17,150
1173,26,1022.61,1019.68,225.51,205.22,0.17,200
1174,26,1022.61,1019.68,771.87,736.69,0.17,750
1176,26,1022.61,1019.68,1018.84,979.62,0.17,1000
1179,26,1022.61,1020.76,1020.96,968.36,0.17,1000
1180,26,1022.61,1020.76,917.49,853.20,0.17,900
1182,26,1022.61,1020.76,673.14,632.46,0.17,650
1184,26,1022.61,1020.76,972.65,919.07,0.17,950
1186,26,1022.61,1020.76,868.01,824.32,0.17,850
1188,26,1022.61,1020.76,719.25,673.00,0.17,700
1190,26,1022.61,1020.76,418.52,394.70,0.17,400
1194,26,1022.61,1020.76,1020.89,968.19,0.17,1000
1195,26,1022.61,1020.76,815.53,783.44,0.17,800
1197,27,1022.61,1020.76,673.13,626.98,0.17,650
1199,27,1022.61,1020.76,273.76,251.69,0.17,250
1201,27,1022.61,1020.76,721.10,701.73,0.17,700
1203,27,1022.61,1020.76,421.35,404.86,0.17,400
1206,27,1022.61,1020.76,573.80,551.16,0.17,550
1208,27,1022.61,1020.76,871.86,852.95,0.17,850
1211,27,1022.61,1020.76,622.04,603.43,0.17,600
1213,27,1022.61,1020.76,821.21,802.59,0.17,800
1216,27,1022.61,1020.76,720.86,698.30,0.17,700
1218,27,1022.61,1020.76,772.45,754.84,0.17,750
1219,27,1022.61,1020.76,1020.17,995.13,0.17,1000
1221,27,1022.61,1020.76,820.10,802.53,0.17,800
1223,27,1022.61,1020.76,1017.89,998.22,0.17,1000
1225,27,1022.61,1020.76,870.79,835.27,0.17,850
1226,27,1022.61,1020.76,819.37,797.51,0.17,800
1229,27,1022.61,1020.76,1021.10,981.75,0.17,1000
1232,27,1022.61,1020.76,820.62,794.68,0.17,800
1233,27,1022.61,1020.76,972.60,942.15,0.17,950
1234,27,1022.61,1020.76,1018.81,985.20,0.17,1000
1236,27,1022.61,1020.76,521.26,508.59,0.17,500
1238,28,1022.61,1020.76,723.50,710.75,0.17,700
1239,28,1022.61,1021.55,1022.14,999.15,0.17,1000
1241,28,1022.61,1021.55,972.41,937.63,0.17,950
1242,28,1022.61,1021.55,921.03,900.88,0.17,900
1244,28,1022.61,1021.55,822.10,788.65,0.17,800
1246,28,1022.61,1021.55,723.42,682.97,0.17,700
1248,28,1022.61,1021.55,772.47,740.18,0.17,750
1249,28,1022.61,1021.55,972.30,922.66,0.17,950
1250,28,1023.90,1021.55,1023.90,984.06,0.17,1000
1252,28,1023.90,1021.55,572.49,556.77,0.17,550
1253,28,1023.90,1021.55,919.79,881.49,0.17,900
1255,28,1023.90,1021.55,327.23,317.24,0.17,300
1257,28,1023.90,1021.55,423.63,402.42,0.16,400
1259,28,1023.90,1021.55,423.74,404.09,0.16,400
1260,28,1023.90,1021.55,971.00,944.58,0.16,950
1263,28,1023.90,1021.55,573.23,538.10,0.16,550
1266,28,1023.90,1021.55,926.49,893.14,0.16,900
1268,28,1023.90,1021.55,974.07,932.31,0.16,950
1270,28,1023.90,1021.55,824.84,806.71,0.17,800
1272,28,1023.90,1021.55,482.65,464.97,0.17,450
1274,28,1023.90,1021.55,476.05,458.09,0.17,450
1275,28,1023.90,1021.55,975.81,954.96,0.17,950
1278,29,1023.90,1021.55,927.38,892.62,0.17,900
1279,29,1023.90,1021.55,775.14,738.82,0.17,750
1280,29,1023.90,1021.55,875.31,838.35,0.17,850
1281,29,1023.90,1021.55,776.42,745.40,0.17,750
1284,29,1023.90,1029.74,1023.27,969.53,0.17,1000
1287,29,1023.90,1029.74,526.62,499.95,0.17,500
1289,29,1023.90,1029.74,830.33,766.41,0.17,800
1293,29,1023.90,1029.74,377.91,345.85,0.17,350
1296,29,1023.90,1029.74,578.39,526.02,0.17,550
1298,29,1023.90,1029.74,425.97,393.56,0.17,400
1299,29,1023.90,1029.74,924.91,861.19,0.17,900
1301,29,1023.90,1029.74,623.10,579.81,0.17,600
1305,29,1023.90,1029.74,626.86,579.11,0.17,600
1307,29,1023.90,1029.74,578.77,545.43,0.17,550
1310,29,1023.90,1029.74,826.40,772.90,0.17,800
1311,29,1023.90,1029.74,1021.99,963.93,0.17,1000
1313,29,1023.90,1029.74,928.93,873.79,0.17,900
1315,29,1023.90,1029.74,672.69,634.58,0.17,650
1316,29,1023.90,1029.74,823.52,788.28,0.17,800
1318,29,1023.90,1029.74,824.45,791.54,0.17,800
1323,29,1029.04,1029.74,1029.04,968.25,0.17,1000
1325,30,1029.04,1029.74,625.72,567.31,0.17,600
1326,30,1029.04,1029.74,777.60,718.69,0.17,750
1328,30,1029.04,1029.74,375.10,339.18,0.17,350
1329,30,1029.04,1029.74,776.61,723.81,0.17,750
1331,30,1029.04,1029.74,620.83,587.05,0.17,600
1332,30,1029.04,1029.74,823.05,781.76,0.17,800
1337,30,1029.04,1029.74,372.69,353.98,0.17,350
1339,30,1029.04,1029.74,771.10,733.54,0.17,750
1341,30,1029.04,1029.74,669.23,625.57,0.17,650
1343,30,1029.04,1029.74,818.23,773.10,0.17,800
1345,30,1029.04,1029.74,719.32,693.08,0.17,700
1348,30,1029.04,1029.74,471.38,443.08,0.17,450
1350,30,1029.04,1029.74,472.10,451.39,0.17,450
1351,30,1029.04,1029.74,772.71,737.74,0.17,750
1353,30,1029.04,1029.74,670.88,639.53,0.17,650
1354,30,1029.04,1029.74,819.64,785.89,0.17,800
1356,30,1029.04,1029.74,522.56,496.48,0.17,500
1357,30,1029.04,1029.74,771.69,748.61,0.17,750
1358,30,1029.04,1029.74,818.20,793.84,0.17,800
1362,30,1029.04,1029.74,674.55,651.52,0.17,650
1365,30,1029.04,1029.74,426.39,401.89,0.17,400
1367,30,1029.04,1029.74,727.07,683.05,0.17,700
1368,30,1029.04,1029.74,1021.43,973.38,0.16,1000
1370,30,1029.04,1029.74,524.83,495.76,0.16,500
1371,30,1029.04,1029.74,1024.09,986.38,0.16,1000
1373,31,1029.04,1029.74,822.71,771.29,0.16,800
1374,31,1029.04,1029.74,972.14,917.86,0.16,950
1376,31,1029.04,1029.74,676.27,648.24,0.17,650
1377,31,1029.04,1029.74,773.47,732.66,0.17,750
1378,31,1029.04,1029.74,873.76,838.81,0.17,850
1380,31,1029.04,1029.74,574.35,553.71,0.17,550
1382,31,1029.04,1029.74,183.34,164.56,0.17,150
1383,31,1029.04,1029.74,1024.02,983.32,0.17,1000
1387,31,1029.04,1029.74,128.14,117.90,0.17,100
1389,31,1029.04,1029.74,373.61,360.71,0.17,350
1391,31,1029.04,1029.74,525.59,508.66,0.17,500
1393,31,1029.04,1029.74,1020.45,1002.17,0.17,1000
1395,31,1029.04,1029.74,475.38,460.23,0.17,450
1397,31,1029.04,1029.74,527.58,508.08,0.17,500
1399,31,1029.04,1029.74,424.21,412.38,0.17,400
1401,31,1029.04,1029.74,878.47,862.15,0.16,850
1402,31,1029.04,1029.74,973.77,956.61,0.16,950
1404,31,1029.04,1029.74,926.31,906.76,0.16,900
1405,31,1029.04,1029.74,978.62,960.89,0.16,950
1407,31,1029.04,1029.74,630.20,611.87,0.16,600
1408,31,1029.04,1029.74,828.93,812.09,0.16,800
1409,31,1029.04,1029.74,976.00,960.07,0.16,950
1412,31,1029.04,1029.74,426.68,414.96,0.16,400
1414,32,1029.04,1029.74,679.46,659.04,0.16,650
1417,32,1029.04,1029.74,777.71,759.42,0.16,750
1418,32,1029.04,1029.74,977.57,957.92,0.16,950
1421,32,1029.04,1029.74,126.68,120.12,0.16,100
1422,32,1029.04,1029.74,831.67,808.01,0.16,800
1425,32,1029.04,1029.74,483.55,467.88,0.16,450
1428,32,1029.04,1029.74,878.35,849.14,0.16,850
1430,32,1029.04,1029.74,277.90,264.89,0.16,250
1431,32,1029.04,1029.74,981.12,929.98,0.16,950
1433,32,1029.04,1029.74,1026.00,988.98,0.16,1000
1437,32,1029.04,1029.74,880.35,859.73,0.16,850
1438,32,1029.04,1029.74,828.28,805.78,0.16,800
1439,32,1029.04,1029.74,879.83,852.68,0.16,850
1440,32,1029.04,1029.74,926.56,912.31,0.16,900
1441,32,1030.30,1029.74,1030.30,1014.06,0.16,1000
1442,32,1030.30,1029.74,882.77,867.15,0.16,850
1445,32,1030.30,1029.74,329.74,318.00,0.16,300
1446,32,1030.30,1029.74,879.73,858.34,0.16,850
1448,32,1030.30,1029.74,678.58,670.27,0.16,650
1450,32,1030.30,1029.74,586.04,567.73,0.16,550
1452,32,1030.30,1029.74,381.73,371.35,0.16,350
1453,32,1030.30,1029.74,781.95,768.92,0.16,750
1454,32,1030.30,1029.74,783.20,766.34,0.16,750
1458,32,1030.30,1029.74,130.54,121.47,0.16,100
1459,33,1030.30,1029.74,885.76,859.14,0.16,850
1460,33,1054.93,1029.74,1054.93,1008.38,0.16,1000
1461,33,1054.93,1029.74,897.22,861.52,0.16,850
1464,33,1054.93,1033.65,1037.60,1001.91,0.16,1000
1468,33,1054.93,1033.65,437.11,413.96,0.16,400
1471,33,1054.93,1033.65,792.24,761.52,0.16,750
1474,33,1054.93,1033.65,846.38,801.12,0.16,800
1475,33,1073.42,1057.54,1073.42,995.47,0.16,1000
1478,33,1073.42,1057.54,910.10,856.47,0.16,850
1480,33,1073.42,1057.54,549.89,502.61,0.17,500
1485,33,1073.42,1057.54,803.17,721.83,0.17,750
1486,33,1073.42,1057.54,1007.34,909.16,0.17,950
1488,33,1073.42,1057.54,1071.82,1004.87,0.17,1000
1489,33,1073.42,1057.54,921.09,837.74,0.17,850
1491,33,1073.42,1057.54,771.30,704.66,0.17,700
1492,33,1073.42,1057.54,1038.77,946.33,0.17,950
1495,33,1073.42,1057.54,323.97,279.24,0.17,250
1496,33,1073.42,1057.54,948.99,842.03,0.17,850
1497,33,1073.42,1057.54,923.74,865.70,0.17,850
1499,33,1073.42,1057.54,635.70,574.98,0.17,550
1501,33,1073.42,1057.54,387.71,329.25,0.17,300
1502,33,1095.28,1057.54,1095.28,962.95,0.17,950
1503,33,1095.28,1057.54,928.34,778.07,0.17,750
1504,34,1095.28,1057.54,938.88,868.26,0.17,850
1506,34,1095.28,1057.54,1033.87,926.06,0.17,900
1509,34,1095.28,1057.54,1027.11,829.52,0.17,800
1514,34,1095.28,1057.54,918.60,749.21,0.17,700
1516,34,1095.28,1057.54,753.23,620.10,0.17,600
1518,34,1095.28,1057.54,580.35,496.36,0.17,450
1519,34,1095.28,1057.54,1011.92,875.38,0.17,850
1520,34,1095.28,1057.54,1035.37,873.98,0.17,850
1522,34,1095.28,1057.54,510.97,451.19,0.17,400
1523,34,1147.58,1057.54,1147.58,981.92,0.17,950
1525,34,1147.58,1057.54,961.88,789.59,0.17,750
1527,34,1147.58,1057.54,1082.07,892.56,0.17,850
1529,34,1147.58,1057.54,978.31,777.47,0.17,750
1531,34,1147.58,1057.54,832.43,708.30,0.17,650
1532,34,1147.58,1068.43,1121.78,986.36,0.17,950
1534,34,1147.58,1068.43,1027.17,881.99,0.17,800
1536,34,1147.58,1068.43,1110.25,924.22,0.17,850
1539,34,1147.58,1068.43,889.66,775.02,0.17,700
1541,34,1186.54,1068.43,1186.54,1040.25,0.17,950
1542,34,1261.15,1068.43,1261.15,1119.52,0.17,1000
1544,34,1261.15,1068.43,641.72,578.60,0.17,500
1547,35,1261.15,1068.43,1117.90,990.75,0.17,900
1549,35,1261.15,1068.43,661.79,575.43,0.17,500
1550,35,1261.15,1116.42,1163.81,1009.80,0.17,950
1552,35,1261.15,1116.42,1001.31,889.59,0.17,800
1553,35,1270.05,1165.02,1270.05,1089.32,0.17,1000
1555,35,1270.05,1165.02,1242.49,1063.61,0.17,950
1556,35,1270.05,1165.02,1040.17,907.87,0.17,800
1558,35,1270.05,1165.02,661.37,591.93,0.17,500
1560,35,1270.05,1165.02,1182.74,980.84,0.17,850
1562,35,1270.05,1165.02,283.39,243.14,0.17,200
1564,35,1270.05,1165.02,746.19,664.07,0.17,550
1565,35,1270.05,1165.02,1077.06,948.50,0.17,800
1566,35,1270.05,1165.02,1200.18,1019.77,0.17,900
1568,35,1271.39,1165.02,1271.39,1102.16,0.17,950
1570,35,1271.39,1165.02,930.01,843.57,0.17,700
1571,35,1271.39,1165.02,1051.98,924.96,0.17,800
1573,35,1271.39,1165.02,987.48,903.81,0.17,750
1575,35,1324.25,1193.35,1324.25,1163.91,0.17,1000
1576,35,1324.25,1193.35,1197.41,1056.04,0.17,900
1579,35,1324.25,1193.35,1123.44,1003.25,0.17,850
1582,35,1344.58,1193.35,1344.58,1202.63,0.17,1000
1583,35,1344.58,1193.35,1210.87,1072.21,0.17,900
1584,36,1344.58,1193.35,1235.17,1108.30,0.17,950
1586,36,1344.58,1193.35,1024.89,886.79,0.17,750
1589,36,1344.58,1242.71,1282.58,1125.77,0.17,950
1591,36,1344.58,1242.71,695.51,614.26,0.17,500
1592,36,1344.58,1242.71,1135.18,998.42,0.17,850
1596,36,1356.39,1319.77,1356.39,1186.98,0.17,1000
1599,36,1356.39,1319.77,1040.65,921.51,0.17,750
1601,36,1356.39,1319.77,970.52,851.22,0.17,700
1602,36,1356.39,1319.77,1024.62,905.64,0.17,750
1605,36,1356.39,1319.77,824.63,734.90,0.17,600
1609,36,1356.39,1319.77,993.55,879.29,0.17,700
1611,36,1356.39,1319.77,1352.76,1180.98,0.17,1000
1612,36,1356.39,1319.77,1093.53,975.58,0.17,800
1613,36,1356.39,1319.77,1103.00,955.05,0.17,800
1615,36,1356.39,1319.77,1290.59,1153.16,0.17,950
1616,36,1356.39,1319.77,1143.70,1028.29,0.17,850
1618,36,1356.39,1319.77,1111.54,954.12,0.17,800
1621,36,1356.39,1319.77,818.86,724.88,0.17,600
1622,36,1356.39,1319.77,1028.04,926.76,0.17,750
1623,36,1434.15,1340.70,1434.15,1209.47,0.17,1000
1626,36,1434.15,1340.70,709.74,636.68,0.17,500
1629,37,1434.15,1340.70,793.11,725.31,0.17,550
1631,37,1434.15,1340.70,587.39,538.99,0.17,400
1632,37,1434.15,1340.70,1185.69,1039.88,0.17,800
1634,37,1434.15,1340.70,836.19,738.23,0.17,550
1636,37,1507.80,1340.70,1507.80,1349.46,0.17,1000
1638,37,1552.40,1559.49,1552.40,1378.49,0.17,1000
1642,37,1552.40,1559.49,1246.23,1111.96,0.17,800
1644,37,1552.40,1559.49,786.69,726.98,0.17,500
1646,37,1552.40,1559.49,476.05,425.53,0.17,300
1648,37,1552.40,1559.49,1352.71,1159.18,0.17,850
1651,37,1623.69,1605.58,1623.69,1396.35,0.17,1000
1654,37,1623.69,1605.58,1048.27,932.01,0.17,650
1655,37,1623.69,1605.58,1539.76,1322.84,0.17,950
1659,37,1623.69,1605.58,1579.48,1350.71,0.17,950
1662,37,1623.69,1605.58,1350.61,1193.26,0.17,850
1665,37,1623.69,1605.58,1196.31,1042.31,0.17,750
1667,37,1623.69,1605.58,1567.09,1375.63,0.17,950
1670,37,1623.69,1605.58,391.87,347.61,0.17,250
1671,37,1623.69,1605.58,1461.98,1185.68,0.17,850
1673,37,1623.69,1605.58,1564.35,1361.15,0.17,950
1675,38,1623.69,1605.58,929.89,793.69,0.17,550
1677,38,1623.69,1605.58,1374.43,1213.75,0.17,800
1681,38,1623.69,1605.58,1107.46,961.93,0.17,650
1683,38,1623.69,1605.58,1049.64,898.77,0.17,600
1686,38,1623.69,1605.58,1071.54,935.74,0.17,600
1687,38,1623.69,1605.58,1539.99,1359.96,0.17,850
1688,38,1623.69,1605.58,1442.97,1291.77,0.17,800
1690,38,1623.69,1605.58,1099.84,979.92,0.17,600
1693,38,1843.51,1806.89,1843.51,1691.58,0.17,1000
1695,38,1843.51,1806.89,1731.98,1521.54,0.17,950
1697,38,1843.51,1806.89,1599.12,1416.25,0.17,900
1699,38,1843.51,1806.89,1241.77,1135.67,0.17,700
1701,38,1843.51,1806.89,440.34,397.59,0.17,250
1704,38,1843.51,1806.89,1642.39,1470.63,0.17,900
1706,38,1843.51,1806.89,1462.10,1313.99,0.17,800
1710,38,1843.51,1806.89,347.95,309.68,0.17,200
1714,38,1843.51,1806.89,1770.48,1570.70,0.17,950
1716,38,1843.51,1806.89,915.73,825.09,0.17,500
1719,38,1843.51,1806.89,1470.23,1347.55,0.17,800
1721,38,1843.51,1806.89,723.71,665.34,0.17,400
1723,38,1843.51,1806.89,930.09,861.87,0.17,500
1726,39,1843.51,1806.89,1250.54,1130.71,0.17,650
1728,39,1843.51,1806.89,1631.11,1489.29,0.17,850
1730,39,1843.51,1806.89,1032.15,927.70,0.17,550
1732,39,1843.51,1806.89,463.37,410.79,0.17,250
1734,39,1858.80,1806.89,1858.80,1660.51,0.17,950
1736,39,1858.80,1806.89,668.85,575.26,0.17,350
1740,39,1983.18,1925.45,1983.18,1687.85,0.17,1000
1741,39,1983.18,1925.45,1694.14,1451.75,0.17,850
1743,39,1983.18,1925.45,591.72,509.61,0.17,300
1745,39,2006.98,2001.62,2006.98,1619.90,0.17,1000
1747,39,2006.98,2001.62,1701.72,1292.63,0.17,850
1749,39,2006.98,2001.62,1571.48,1382.56,0.17,800
1750,39,2006.98,2001.62,1722.15,1478.08,0.17,850
1751,39,2006.98,2001.62,1610.00,1357.38,0.17,800
1754,39,2006.98,2001.62,1374.84,1210.56,0.17,700
1756,39,2006.98,2001.62,1122.90,966.27,0.17,550
1758,39,2006.98,2001.62,1903.07,1653.23,0.17,950
1759,39,2022.90,2001.62,2022.90,1772.55,0.17,1000
1761,39,2022.90,2001.62,1958.70,1713.00,0.17,950
1763,40,2022.90,2001.62,1701.98,1495.16,0.17,850
1764,40,2022.90,2001.62,1828.45,1604.00,0.17,900
1766,40,2022.90,2001.62,2015.00,1831.96,0.17,1000
1767,40,2064.20,2035.37,2064.20,1816.92,0.17,1000
1769,40,2064.20,2035.37,1592.65,1337.05,0.17,800
1770,40,2064.20,2035.37,1612.75,1458.31,0.17,800
1772,40,2064.20,2035.37,684.02,599.10,0.17,350
1774,40,2064.20,2035.37,1209.27,1040.14,0.17,600
1776,40,2064.20,2035.37,1728.75,1514.61,0.17,850
1777,40,2064.20,2035.37,1638.04,1447.51,0.17,800
1779,40,2064.20,2035.37,1290.72,1175.82,0.17,650
1782,40,2064.20,2035.37,1512.21,1376.70,0.17,750
1785,40,2064.20,2035.37,1725.16,1549.25,0.17,850
1786,40,2064.20,2035.37,1943.22,1714.28,0.17,950
1790,40,2064.20,2035.37,1710.53,1476.20,0.17,850
1791,40,2064.20,2035.37,1715.65,1549.08,0.17,850
1792,40,2064.20,2035.37,1835.16,1599.12,0.17,900
1794,40,2064.20,2035.37,1507.04,1335.56,0.17,750
1796,40,2064.20,2035.37,1835.98,1521.95,0.17,900
1797,40,2064.20,2035.37,1611.29,1288.59,0.17,800
1798,40,2064.20,2035.37,2029.91,1734.00,0.17,1000
1800,41,2064.20,2035.37,895.20,725.47,0.17,450
1802,41,2064.20,2035.37,1948.77,1685.94,0.17,950
1805,41,2064.20,2035.37,479.33,412.75,0.17,250
1808,41,2064.20,2035.37,896.14,780.83,0.17,450
1810,41,2064.20,2035.37,1298.56,1100.69,0.17,650
1812,41,2064.20,2035.37,678.37,601.67,0.17,350
1813,41,2064.20,2035.37,1919.34,1646.20,0.17,950
1815,41,2064.20,2035.37,1698.62,1373.32,0.17,850
1817,41,2064.20,2035.37,1510.99,1166.73,0.17,750
1820,41,2064.20,2035.37,1303.90,1059.49,0.17,650
1824,41,2064.20,2035.37,69.32,56.51,0.17,50
1827,41,2064.20,2035.37,1485.07,1197.25,0.17,750
1830,41,2064.20,2035.37,1285.54,1031.81,0.17,650
1833,41,2064.20,2035.37,1913.03,1587.22,0.17,950
1835,41,2064.20,2035.37,1574.63,1359.47,0.17,800
1836,41,2064.20,2035.37,1802.92,1547.23,0.17,900
1839,41,2064.20,2035.37,1405.77,1219.47,0.17,700
1841,41,2064.20,2035.37,1718.78,1570.77,0.17,850
1842,41,2064.20,2035.37,1726.72,1382.27,0.17,850
1844,41,2064.20,2035.37,901.11,755.14,0.17,450
1846,41,2064.20,2035.37,1905.26,1525.99,0.17,950
1847,42,2064.20,2035.37,2018.99,1658.14,0.17,1000
1849,42,2064.20,2035.37,75.90,62.39,0.17,50
1852,42,2064.20,2035.37,1637.79,1361.21,0.17,800
1854,42,2064.20,2035.37,1542.64,1260.10,0.17,750
1856,42,2064.20,2035.37,1952.87,1684.57,0.17,950
1859,42,2064.20,2035.37,703.77,610.04,0.17,350
1860,42,2064.20,2035.37,1945.81,1721.88,0.17,950
1861,42,2064.20,2035.37,1735.60,1457.46,0.17,850
1865,42,2064.20,2035.37,686.11,620.03,0.17,350
1867,42,2064.20,2035.37,1843.53,1582.71,0.17,900
1869,42,2064.20,2035.37,2025.14,1631.16,0.17,1000
1872,42,2064.20,2035.37,280.09,249.38,0.17,150
1873,42,2064.20,2035.37,1746.89,1496.59,0.17,850
1874,42,2064.20,2035.37,1950.03,1682.46,0.17,950
1876,42,2064.20,2035.37,1872.20,1552.53,0.17,900
1877,42,2064.20,2035.37,1851.05,1601.78,0.17,900
1879,42,2064.20,2035.37,1328.95,1128.33,0.17,650
1881,42,2064.20,2035.37,1336.55,1063.82,0.17,650
1884,42,2064.20,2035.37,489.59,417.04,0.17,250
1886,42,2064.20,2035.37,1637.71,1317.38,0.17,800
1887,42,2064.20,2035.37,1944.95,1659.72,0.17,950
1888,42,2064.20,2035.37,1725.72,1440.72,0.17,850
1890,43,2064.20,2035.37,1742.47,1413.89,0.17,850
1893,43,2064.20,2035.37,1546.37,1320.95,0.17,750
1896,43,2064.20,2035.37,802.73,687.48,0.17,400
1900,43,2064.20,2035.37,1202.49,1006.73,0.17,600
1902,43,2064.20,2035.37,1020.88,817.09,0.17,500
1905,43,2064.20,2035.37,1232.97,953.99,0.17,600
1907,43,2064.20,2035.37,590.08,456.12,0.17,300
1909,43,2064.20,2035.37,1624.27,1295.47,0.17,800
1911,43,2064.20,2035.37,997.45,791.50,0.17,500
1914,43,2064.20,2035.37,894.08,702.61,0.17,450
1918,43,2064.20,2035.37,1199.03,1008.06,0.17,600
1919,43,2064.20,2035.37,1914.94,1573.78,0.17,950
1920,43,2064.20,2035.37,1723.68,1373.86,0.17,850
1922,43,2064.20,2035.37,2041.27,1657.11,0.17,1000
1924,43,2064.20,2035.37,988.40,885.52,0.17,500
1925,43,2064.20,2035.37,1939.85,1649.61,0.17,950
1927,43,2064.20,2035.37,1393.57,1193.44,0.17,700
1930,43,2064.20,2035.37,677.56,612.93,0.17,350
1931,43,2064.20,2035.37,1763.54,1615.87,0.17,850
1932,43,2064.20,2035.37,1846.70,1647.34,0.17,900
1934,43,2064.20,2035.37,1459.16,1295.96,0.17,700
1936,43,2064.20,2035.37,1020.49,915.64,0.17,500
1939,43,2064.20,2035.37,280.10,252.62,0.17,150
1941,44,2064.20,2035.37,1360.67,1221.81,0.17,650
1944,44,2064.20,2035.37,1061.86,912.01,0.17,500
1946,44,2064.20,2035.37,1256.87,1129.96,0.17,600
1948,44,2064.20,2035.37,609.25,555.56,0.17,300
1950,44,2064.20,2035.37,1778.72,1443.93,0.17,850
1954,44,2064.20,2035.37,391.92,346.67,0.17,200
1955,44,2064.20,2035.37,1832.33,1516.67,0.17,850
1958,44,2064.20,2035.37,1658.63,1521.40,0.17,800
1959,44,2064.20,2035.37,1769.25,1555.12,0.17,850
1960,44,2064.20,2035.37,1895.51,1679.26,0.17,900
1962,44,2064.20,2035.37,516.24,443.58,0.17,250
1963,44,2064.20,2035.37,1907.45,1675.24,0.17,900
1964,44,2064.20,2035.37,1683.25,1584.59,0.17,800
1965,44,2064.20,2035.37,2001.54,1805.10,0.17,950
1967,44,2064.20,2035.37,936.06,854.96,0.17,450
1968,44,2064.20,2035.37,1790.50,1656.35,0.17,850
1970,44,2064.20,2035.37,1175.68,1058.32,0.17,550
1974,44,2064.20,2035.37,1505.61,1389.71,0.17,700
1977,44,2064.20,2035.37,1826.60,1513.50,0.17,850
1979,44,2064.20,2035.37,1824.27,1650.83,0.17,850
1982,44,2064.20,2035.37,1864.98,1611.21,0.17,850
1984,44,2064.20,2035.37,1983.64,1795.53,0.17,900
1986,45,2064.20,2035.37,1974.14,1799.80,0.17,900
1988,45,2064.20,2035.37,2000.86,1813.98,0.17,900
1990,45,2064.20,2035.37,1573.35,1425.16,0.17,700
1991,45,2107.06,2071.50,2107.06,1959.88,0.17,950
1992,45,2127.98,2071.50,2127.98,1938.38,0.17,950
1994,45,2127.98,2071.50,1907.94,1717.56,0.17,850
1997,45,2127.98,2071.50,1679.79,1494.47,0.17,750
1999,45,2127.98,2071.50,757.27,689.46,0.17,350
2000,45,2182.11,2158.56,2182.11,1904.30,0.17,950
2002,45,2182.11,2158.56,1361.60,1178.80,0.17,600
2004,45,2197.93,2158.56,2197.93,1910.97,0.17,950
2005,45,2197.93,2158.56,1700.13,1453.95,0.17,750
2007,45,2197.93,2158.56,1553.65,1322.86,0.17,700
2008,45,2197.93,2158.56,1968.17,1656.03,0.17,850
2011,45,2197.93,2158.56,1003.55,841.32,0.17,450
2014,45,2197.93,2158.56,1006.05,846.93,0.17,450
2015,45,2309.34,2158.56,2309.34,1790.64,0.17,1000
2018,45,2309.34,2158.56,1264.55,1014.57,0.17,550
2020,45,2309.34,2158.56,767.65,625.25,0.17,350
2021,45,2309.34,2158.56,1927.53,1433.63,0.17,850
2023,45,2309.34,2158.56,879.70,732.01,0.17,400
2026,45,2309.34,2158.56,1814.18,1523.33,0.17,800
2028,45,2309.34,2158.56,1334.41,1114.36,0.17,600
2030,46,2309.34,2158.56,854.43,717.22,0.17,400
2032,46,2309.34,2158.56,2218.71,1798.25,0.17,1000
2034,46,2309.34,2158.56,2016.76,1582.42,0.17,900
2036,46,2309.34,2158.56,1690.03,1433.24,0.17,750
2040,46,2309.34,2158.56,1770.23,1520.25,0.17,800
2042,46,2309.34,2158.56,184.70,164.25,0.17,100
2044,46,2309.34,2158.56,75.89,65.80,0.17,50
2048,46,2309.34,2158.56,1243.62,1018.04,0.17,550
2050,46,2309.34,2158.56,1349.40,1101.60,0.17,600
2052,46,2309.34,2158.56,1762.73,1359.59,0.17,800
2053,46,2309.34,2158.56,1946.79,1418.92,0.17,850
2055,46,2309.34,2158.56,298.65,232.46,0.17,150
2056,46,2309.34,2158.56,1801.51,1354.42,0.17,800
2058,46,2309.34,2158.56,1655.86,1115.97,0.17,750
2059,46,2309.34,2158.56,2252.65,1602.60,0.17,1000
2061,46,2309.34,2158.56,185.99,157.36,0.17,100
2062,46,2309.34,2197.06,2280.21,1640.11,0.17,1000
2065,46,2309.34,2197.06,70.00,62.82,0.17,50
2067,46,2309.34,2197.06,1611.79,1318.69,0.17,750
2069,46,2309.34,2197.06,1930.31,1457.97,0.17,900
2071,46,2309.34,2197.06,1308.78,898.52,0.17,600
2072,46,2309.34,2197.06,1730.74,1310.75,0.17,800
2076,46,2309.34,2197.06,287.10,258.06,0.17,150
2078,47,2309.34,2197.06,1865.07,1462.46,0.17,850
2080,47,2309.34,2197.06,1405.95,1059.58,0.17,650
2081,47,2309.34,2197.06,2187.54,1603.04,0.17,1000
2083,47,2309.34,2197.06,1632.65,1280.80,0.17,750
2084,47,2309.34,2197.06,1888.23,1381.78,0.17,850
2086,47,2309.34,2208.16,2229.50,1671.99,0.17,1000
2088,47,2309.34,2208.16,1743.39,1373.50,0.17,800
2090,47,2309.34,2208.16,1300.78,1017.60,0.17,600
2091,47,2309.34,2208.16,1842.43,1594.57,0.17,850
2093,47,2309.34,2208.16,2051.16,1737.51,0.17,950
2095,47,2309.34,2208.16,1343.25,1099.43,0.17,600
2097,47,2309.34,2208.16,643.13,546.82,0.17,300
2099,47,2309.34,2208.16,2131.32,1769.15,0.17,950
2100,47,2309.34,2208.16,2215.35,1730.98,0.17,1000
2102,47,2309.34,2208.16,1685.70,1469.45,0.17,750
2103,47,2309.34,2208.16,1786.74,1464.88,0.17,800
2104,47,2309.34,2208.16,2048.92,1608.17,0.17,900
2106,47,2309.34,2208.16,1958.59,1524.61,0.17,850
2108,47,2309.34,2208.16,535.35,458.90,0.17,250
2110,47,2309.34,2208.16,1917.21,1655.88,0.17,850
2112,47,2309.34,2208.16,1264.57,1069.56,0.17,550
2114,48,2309.34,2208.16,1823.92,1625.62,0.17,800
2117,48,2309.34,2208.16,2153.46,1831.40,0.17,950
2119,48,2309.34,2208.16,778.30,704.65,0.17,350
2121,48,2309.34,2208.16,2083.07,1844.86,0.17,900
2125,48,2309.34,2208.16,1500.64,1337.54,0.17,650
2127,48,2309.34,2208.16,1742.74,1491.80,0.17,750
2131,48,2309.34,2208.16,2226.27,1836.28,0.17,950
2133,48,2309.34,2208.16,1038.45,865.35,0.17,450
2134,48,2309.34,2208.16,2107.07,1723.83,0.17,900
2138,48,2309.34,2208.16,919.27,804.34,0.17,400
2140,48,2309.34,2208.16,921.80,838.10,0.17,400
2141,48,2309.34,2208.16,2145.49,1861.13,0.17,900
2142,48,2326.79,2307.80,2326.79,2138.93,0.17,1000
2144,48,2326.79,2307.80,777.02,696.67,0.17,350
2146,48,2326.79,2307.80,73.03,66.06,0.17,50
2147,48,2326.79,2307.80,1870.18,1657.77,0.17,800
2150,48,2326.79,2307.80,891.74,787.76,0.17,400
2153,48,2326.79,2307.80,2214.99,1755.28,0.17,950
2155,48,2326.79,2307.80,1238.81,1023.00,0.17,550
2157,48,2326.79,2307.80,1196.15,979.00,0.17,550
2158,48,2326.79,2307.80,2062.59,1659.15,0.17,900
2161,48,2326.79,2307.80,1342.87,1198.18,0.17,600
2163,49,2326.79,2307.80,649.51,575.29,0.17,300
2166,49,2326.79,2307.80,1474.29,1334.58,0.17,650
2168,49,2326.79,2307.80,640.23,567.16,0.17,300
2169,49,2328.66,2325.21,2328.66,1985.36,0.17,1000
2172,49,2328.66,2325.21,1469.95,1287.84,0.17,650
2174,49,2328.66,2325.21,2074.34,1702.56,0.17,900
2175,49,2328.66,2325.21,2280.61,1973.48,0.17,1000
2177,49,2328.66,2325.21,2319.07,2111.12,0.17,1000
2179,49,2328.66,2325.21,1950.57,1730.69,0.17,850
2180,49,2328.66,2325.21,2067.42,1773.01,0.17,900
2182,49,2328.66,2325.21,1587.40,1438.55,0.17,700
2183,49,2328.66,2325.21,2099.65,1813.45,0.17,900
2184,49,2328.66,2325.21,1962.84,1695.48,0.17,850
2186,49,2328.66,2325.21,1572.61,1449.19,0.17,700
2187,49,2328.66,2325.21,1834.46,1613.12,0.17,800
2189,49,2328.66,2325.21,787.25,652.93,0.17,350
2191,49,2328.66,2325.21,2110.57,1792.58,0.17,900
2193,49,2328.66,2325.21,1355.25,1200.67,0.17,600
2196,49,2328.66,2325.21,878.89,782.44,0.17,400
2198,49,2328.66,2325.21,2074.53,1743.02,0.17,900
2202,49,2328.66,2325.21,769.23,674.96,0.17,350
2204,49,2328.66,2325.21,2108.45,1858.09,0.17,900
2205,50,2328.66,2325.21,1616.68,1457.79,0.17,700
