22,0,113.46,68.60,87.13,70.20,0.18,100
32,0,113.46,105.45,109.39,89.65,0.18,100
41,0,120.66,113.30,118.67,106.71,0.18,100
49,0,125.92,118.06,122.53,110.35,0.18,100
59,0,126.97,129.21,124.95,112.76,0.18,100
67,0,143.70,135.12,143.70,121.57,0.18,100
76,0,151.60,146.39,151.60,133.99,0.18,100
86,0,155.19,149.30,151.78,143.08,0.18,100
94,0,158.10,154.02,158.10,148.16,0.18,100
102,0,161.75,154.93,161.75,150.35,0.18,100
110,0,162.01,156.09,160.71,152.36,0.18,100
118,0,163.07,156.14,163.07,153.56,0.18,100
126,0,163.82,157.99,163.22,153.43,0.18,100
136,0,165.17,161.60,165.17,154.92,0.18,100
144,0,169.00,163.96,168.24,157.88,0.18,100
152,0,169.81,163.96,169.81,157.37,0.17,100
161,0,171.76,163.96,171.60,160.00,0.17,100
171,0,175.11,168.08,173.05,163.39,0.18,100
179,0,178.10,170.67,173.99,161.17,0.18,100
187,0,187.15,172.09,178.95,161.82,0.17,100
197,0,196.91,174.63,189.78,164.58,0.17,100
206,0,196.91,187.05,189.66,164.63,0.17,100
215,0,199.31,189.25,199.31,170.62,0.17,100
223,0,200.64,189.25,192.52,168.55,0.17,100
231,0,200.64,189.25,197.50,175.55,0.17,100
240,0,213.07,191.92,213.07,172.86,0.17,100
249,0,214.44,197.87,209.71,175.48,0.17,100
258,0,214.44,197.87,201.08,175.71,0.17,100
266,1,214.44,197.87,206.82,178.63,0.17,100
274,1,214.44,197.87,206.66,184.62,0.17,100
283,1,214.44,197.87,207.99,178.52,0.17,100
291,1,214.44,197.87,205.99,180.22,0.17,100
299,1,214.44,198.70,207.05,180.75,0.17,100
307,1,214.44,198.70,208.17,185.00,0.17,100
315,1,214.44,198.70,202.19,182.96,0.17,100
323,1,214.44,198.70,204.79,172.83,0.17,100
331,1,214.44,198.70,204.06,181.60,0.17,100
341,1,214.44,198.70,199.32,180.05,0.17,100
352,1,214.44,198.70,206.35,176.37,0.17,100
360,1,214.44,198.70,206.60,183.17,0.17,100
370,1,217.94,198.70,217.94,187.67,0.17,100
381,1,217.94,200.48,205.20,180.52,0.17,100
390,1,217.94,203.18,211.70,192.10,0.17,100
399,1,217.94,203.18,208.97,189.11,0.17,100
408,1,217.94,203.18,208.99,180.73,0.17,100
416,1,217.94,203.18,212.41,186.75,0.17,100
425,1,217.94,203.18,205.17,186.12,0.17,100
434,1,217.94,203.18,206.04,185.57,0.17,100
442,1,217.94,203.18,208.75,180.59,0.17,100
451,1,217.94,203.18,207.93,187.82,0.17,100
461,1,217.94,203.18,206.74,192.35,0.17,100
470,1,217.94,203.18,207.76,193.40,0.17,100
479,1,217.94,204.25,212.71,188.94,0.17,100
487,1,217.94,204.25,213.69,197.20,0.17,100
496,1,217.94,204.25,214.35,201.83,0.17,100
505,2,217.94,204.25,214.56,193.89,0.17,100
515,2,217.94,204.25,213.81,194.96,0.17,100
523,2,217.94,204.25,212.79,194.75,0.17,100
533,2,218.31,204.25,214.39,195.62,0.17,100
543,2,218.31,204.25,210.00,190.39,0.17,100
551,2,220.55,204.25,213.71,194.06,0.17,100
559,2,220.55,204.25,214.15,188.44,0.17,100
568,2,220.55,204.25,213.05,195.81,0.17,100
577,2,220.55,204.65,212.73,192.55,0.17,100
585,2,220.55,206.19,215.80,194.93,0.17,100
593,2,220.55,206.43,216.51,198.74,0.17,100
604,2,220.55,206.43,215.09,188.23,0.17,100
613,2,220.55,207.97,220.09,208.70,0.17,100
621,2,222.01,208.75,218.01,199.55,0.17,100
630,2,223.54,210.10,220.69,197.60,0.17,100
640,2,225.10,210.55,220.28,200.85,0.17,100
649,2,225.82,212.12,223.72,197.83,0.17,100
658,2,225.82,212.12,224.32,204.06,0.17,100
668,2,226.23,212.12,224.13,204.25,0.17,100
676,2,227.55,212.30,226.53,199.91,0.17,100
684,2,227.91,212.30,225.08,206.43,0.17,100
693,2,227.91,212.62,223.57,206.76,0.17,100
702,2,229.04,213.42,222.68,201.19,0.17,100
713,2,229.04,216.60,225.59,209.77,0.17,100
724,2,229.59,216.60,223.75,207.34,0.17,100
732,2,230.58,216.60,226.17,205.49,0.17,100
744,2,230.58,216.60,221.53,200.39,0.17,100
752,3,230.58,216.60,224.14,205.00,0.17,100
763,3,230.58,216.60,223.57,212.35,0.17,100
774,3,230.58,216.60,225.90,204.45,0.17,100
786,3,230.61,217.51,227.76,197.91,0.17,100
794,3,230.61,217.60,223.79,206.00,0.16,100
804,3,234.92,217.60,229.76,204.19,0.16,100
812,3,234.92,220.61,227.33,193.84,0.16,100
820,3,234.92,220.61,224.25,207.17,0.16,100
828,3,234.92,220.61,228.39,205.15,0.16,100
839,3,234.92,220.61,224.51,206.93,0.16,100
852,3,234.92,220.61,228.19,207.76,0.17,100
865,3,234.92,220.75,233.69,212.55,0.16,100
875,3,234.92,220.75,234.70,218.19,0.16,100
883,3,235.31,226.90,234.72,217.85,0.16,100
893,3,238.33,228.11,238.33,217.80,0.16,100
906,3,239.10,228.37,235.05,220.34,0.17,100
919,3,240.51,228.56,236.42,224.91,0.17,100
929,3,240.51,228.56,234.90,220.17,0.17,100
939,3,240.51,228.56,236.23,215.57,0.17,100
949,3,240.51,228.56,237.30,219.77,0.17,100
962,3,243.44,229.39,241.64,220.06,0.16,100
975,3,244.73,229.39,240.21,227.35,0.16,100
983,3,244.73,229.39,239.38,227.86,0.16,100
992,4,244.73,231.82,242.50,226.60,0.16,100
1005,4,249.85,231.82,242.90,219.82,0.16,100
1018,4,249.85,234.78,246.93,228.95,0.16,100
1031,4,249.85,234.78,241.45,208.71,0.16,100
1044,4,249.85,234.78,242.44,223.17,0.16,100
1057,4,249.85,234.78,241.56,227.20,0.17,100
1070,4,249.85,234.78,247.41,228.14,0.16,100
1083,4,253.93,235.77,245.62,210.79,0.16,100
1096,4,253.93,235.77,246.31,227.52,0.16,100
1107,4,253.93,237.94,247.26,223.56,0.16,100
1115,4,253.93,237.94,244.29,228.79,0.17,100
1127,4,253.93,237.94,246.77,226.79,0.17,100
1140,4,253.93,237.94,248.78,220.58,0.16,100
1153,4,253.93,237.94,242.62,225.35,0.16,100
1166,4,253.93,237.94,244.88,226.89,0.16,100
1175,4,253.93,237.94,244.75,225.99,0.16,100
1186,4,253.93,237.94,245.08,220.29,0.16,100
1199,4,253.93,237.94,241.70,230.06,0.16,100
1212,4,253.93,237.94,246.14,221.61,0.16,100
1222,4,253.93,237.94,245.80,227.41,0.16,100
1231,5,391.71,405.11,391.71,279.94,0.16,200
1237,5,470.85,405.11,470.46,353.28,0.16,200
1241,5,478.78,461.54,478.78,404.79,0.16,200
1246,5,487.37,461.54,487.37,375.95,0.16,200
1251,5,487.37,477.79,480.18,444.73,0.16,200
1257,5,487.37,477.79,481.31,451.37,0.16,200
1264,5,495.11,479.41,495.11,463.66,0.16,200
1269,5,495.70,492.53,492.84,443.33,0.17,200
1275,5,496.11,492.53,493.28,449.77,0.17,200
1280,5,496.89,492.53,494.39,441.79,0.17,200
1285,5,500.69,492.53,497.49,451.65,0.17,200
1290,5,503.43,492.53,500.93,446.09,0.17,200
1295,5,511.11,501.88,509.55,451.22,0.16,200
1301,5,511.11,506.65,498.57,438.97,0.16,200
1308,5,511.11,506.65,503.41,452.70,0.16,200
1313,5,511.11,506.65,504.82,452.52,0.16,200
1318,5,511.11,506.65,503.62,439.89,0.16,200
1323,5,511.11,506.65,498.40,411.16,0.16,200
1328,5,514.78,506.65,498.48,400.65,0.16,200
1333,5,514.78,506.65,494.16,442.92,0.16,200
1340,5,514.78,506.65,507.95,440.29,0.16,200
1347,5,514.78,506.65,497.71,443.37,0.17,200
1354,6,514.78,506.65,496.29,443.38,0.17,200
1361,6,514.78,506.65,506.31,472.70,0.17,200
1366,6,514.78,506.65,501.04,439.37,0.17,200
1372,6,514.78,506.65,502.14,459.45,0.17,200
1379,6,514.78,506.65,502.53,460.93,0.17,200
1384,6,514.78,506.65,507.18,476.15,0.17,200
1388,6,514.78,506.65,506.30,452.37,0.17,200
1393,6,514.78,506.65,507.27,448.30,0.17,200
1398,6,514.78,506.65,506.41,446.48,0.17,200
1404,6,514.78,506.65,502.04,434.14,0.17,200
1410,6,514.78,506.65,504.87,455.07,0.17,200
1415,6,514.78,506.65,506.93,455.26,0.17,200
1420,6,514.78,506.65,506.71,461.33,0.17,200
1425,6,514.78,506.65,506.73,464.44,0.17,200
1430,6,514.78,506.65,509.03,471.18,0.17,200
1437,6,514.78,506.65,510.70,468.56,0.17,200
1444,6,514.78,509.65,501.97,458.52,0.17,200
1449,6,514.78,509.65,503.77,405.62,0.17,200
1454,6,514.78,509.65,508.79,432.59,0.17,200
1459,6,518.57,509.65,508.49,455.44,0.17,200
1466,6,518.57,509.65,509.44,446.36,0.17,200
1473,6,529.86,515.19,518.87,447.26,0.17,200
1480,7,538.60,520.98,519.67,444.56,0.17,200
1487,7,538.60,520.98,522.76,467.38,0.17,200
1494,7,538.60,520.98,526.88,443.49,0.17,200
1501,7,538.60,520.98,533.39,463.73,0.17,200
1507,7,541.66,520.98,536.92,474.85,0.17,200
1515,7,560.97,521.47,533.58,458.14,0.17,200
1523,7,560.97,521.47,528.00,479.76,0.17,200
1530,7,560.97,521.47,528.40,461.99,0.17,200
1537,7,560.97,521.47,539.46,449.25,0.17,200
1544,7,560.97,521.47,536.57,459.59,0.17,200
1551,7,560.97,521.47,535.99,451.60,0.17,200
1556,7,560.97,521.47,525.97,427.16,0.17,200
1561,7,560.97,521.47,524.15,480.48,0.17,200
1566,7,560.97,526.55,543.29,476.63,0.17,200
1571,7,560.97,526.55,525.13,468.50,0.17,200
1577,7,560.97,526.55,532.33,467.60,0.17,200
1584,7,560.97,526.55,522.14,434.06,0.17,200
1591,7,560.97,526.55,531.17,477.04,0.17,200
1598,7,560.97,526.55,556.97,453.32,0.17,200
1606,8,560.97,535.98,538.65,477.78,0.18,200
1613,8,560.97,535.98,528.39,489.76,0.18,200
1620,8,560.97,535.98,522.09,460.02,0.18,200
1627,8,560.97,535.98,532.71,484.28,0.18,200
1634,8,560.97,535.98,541.42,475.90,0.18,200
1641,8,560.97,535.98,543.77,469.72,0.18,200
1647,8,560.97,535.98,537.76,479.93,0.18,200
1652,8,560.97,535.98,536.36,466.11,0.18,200
1657,8,560.97,535.98,533.25,472.05,0.18,200
1662,8,560.97,535.98,538.19,431.02,0.18,200
1669,8,560.97,535.98,533.72,466.87,0.18,200
1675,8,560.97,535.98,543.84,493.65,0.18,200
1680,8,560.97,545.66,540.16,441.94,0.18,200
1685,8,560.97,545.66,548.64,451.56,0.18,200
1690,8,560.97,545.66,548.35,482.33,0.18,200
1695,8,560.97,545.66,528.56,454.64,0.18,200
1702,8,560.97,545.66,534.09,446.27,0.18,200
1710,8,560.97,545.66,538.25,483.97,0.18,200
1716,8,560.97,545.66,544.72,473.06,0.18,200
1723,8,560.97,545.66,545.23,481.92,0.18,200
1731,9,560.97,545.66,555.69,475.63,0.18,200
1738,9,560.97,545.66,532.73,481.93,0.18,200
1745,9,560.97,545.66,547.14,475.97,0.18,200
1752,9,560.97,545.66,531.34,473.08,0.18,200
1756,9,560.97,545.66,540.17,476.56,0.18,200
1762,9,560.97,545.66,552.56,470.06,0.18,200
1769,9,560.97,545.66,549.89,477.06,0.18,200
1776,9,560.97,545.66,539.91,498.11,0.18,200
1783,9,560.97,545.66,539.14,471.93,0.18,200
1789,9,560.97,545.66,543.07,466.35,0.18,200
1794,9,560.97,549.04,547.73,487.55,0.18,200
1799,9,560.97,549.04,541.49,469.76,0.18,200
1805,9,560.97,549.04,537.74,467.75,0.18,200
1812,9,560.97,549.04,545.49,479.09,0.18,200
1819,9,560.97,549.04,546.20,482.08,0.18,200
1826,9,560.97,549.04,549.78,427.54,0.18,200
1832,9,560.97,549.04,528.51,463.84,0.18,200
1837,9,560.97,549.04,540.01,476.20,0.18,200
1842,9,560.97,549.04,549.92,459.01,0.18,200
1847,9,560.97,549.04,535.30,474.83,0.18,200
1852,9,560.97,549.04,536.25,461.04,0.18,200
1857,10,837.51,640.64,837.51,512.90,0.18,300
1862,10,837.51,694.89,822.72,588.78,0.18,300
1867,10,837.51,705.02,796.93,672.91,0.18,300
1871,10,837.51,796.87,813.71,671.69,0.18,300
1875,10,837.51,796.87,807.98,637.28,0.18,300
1880,10,837.51,796.87,803.72,666.48,0.18,300
1884,10,841.95,796.87,819.35,592.98,0.18,300
1888,10,841.95,796.87,803.97,625.41,0.18,300
1892,10,841.95,805.00,825.60,670.47,0.18,300
1896,10,841.95,820.84,814.14,685.82,0.18,300
1899,10,841.95,820.84,798.87,637.52,0.18,300
1902,10,841.95,820.84,791.36,653.36,0.18,300
1905,10,841.95,820.84,792.42,679.81,0.18,300
1909,10,841.95,820.84,822.34,620.20,0.18,300
1914,10,843.96,835.29,831.30,645.36,0.18,300
1918,10,843.96,835.29,806.55,595.77,0.18,300
1922,10,843.96,835.29,806.04,609.02,0.18,300
1927,10,843.96,835.29,781.56,698.47,0.18,300
1932,10,843.96,835.29,814.61,711.93,0.18,300
1936,10,843.96,835.29,810.80,588.27,0.18,300
1939,10,843.96,835.29,813.46,691.27,0.18,300
1942,10,843.96,835.29,808.56,705.99,0.18,300
1945,10,843.96,835.29,835.78,716.72,0.18,300
1948,11,843.96,835.29,831.51,719.97,0.18,300
1952,11,844.21,836.39,815.31,579.33,0.18,300
1955,11,844.21,836.39,830.71,687.56,0.18,300
1958,11,844.21,836.39,800.45,704.90,0.18,300
1961,11,844.21,836.39,815.51,714.82,0.18,300
1964,11,844.21,836.39,811.31,663.45,0.18,300
1968,11,844.21,836.39,826.02,643.69,0.18,300
1971,11,844.21,836.39,809.84,673.14,0.18,300
1974,11,844.21,836.39,795.92,614.68,0.18,300
1978,11,844.21,836.39,822.77,674.57,0.18,300
1981,11,846.35,836.39,843.37,657.36,0.18,300
1984,11,846.35,836.39,799.18,664.81,0.18,300
1987,11,846.35,836.39,798.23,662.47,0.18,300
1991,11,846.35,836.39,807.99,625.12,0.18,300
1994,11,846.35,836.39,793.73,702.82,0.18,300
1997,11,846.35,836.39,772.05,644.69,0.18,300
2001,11,846.35,836.39,799.52,684.58,0.18,300
2006,11,846.35,836.39,798.70,660.32,0.18,300
2009,11,846.35,836.39,818.94,691.77,0.18,300
2012,11,846.35,836.39,825.37,659.87,0.18,300
2015,11,846.35,836.39,808.44,632.47,0.18,300
2019,11,846.35,836.39,805.81,605.71,0.18,300
2023,11,846.35,836.39,795.58,678.29,0.18,300
2027,11,846.35,836.39,808.49,711.18,0.18,300
2031,11,846.35,836.39,817.93,591.86,0.18,300
2037,12,846.35,836.39,815.55,667.21,0.18,300
2041,12,846.35,836.39,813.26,674.49,0.18,300
2044,12,846.35,836.39,783.48,695.89,0.18,300
2049,12,846.35,836.39,811.67,651.13,0.17,300
2054,12,846.35,836.39,806.77,674.60,0.17,300
2059,12,846.35,836.39,803.17,680.66,0.18,300
2064,12,846.35,836.39,798.36,709.05,0.18,300
2067,12,846.35,836.39,812.32,674.74,0.18,300
2070,12,846.35,836.39,817.13,660.40,0.18,300
2073,12,846.35,836.39,809.16,662.24,0.18,300
2076,12,846.35,836.39,799.17,662.42,0.18,300
2079,12,846.35,836.39,819.59,671.45,0.18,300
2082,12,846.35,836.39,829.22,642.42,0.18,300
2085,12,846.35,836.39,810.72,621.19,0.18,300
2088,12,846.35,836.39,823.40,607.17,0.18,300
2092,12,846.35,836.39,798.03,676.57,0.18,300
2095,12,846.35,836.39,790.23,703.42,0.18,300
2099,12,846.35,836.39,815.42,710.02,0.18,300
2105,12,846.35,836.39,787.46,610.95,0.18,300
2110,12,846.35,836.39,828.95,672.59,0.18,300
2113,12,846.35,836.39,832.74,681.92,0.18,300
2116,12,846.35,836.39,821.26,686.54,0.18,300
2119,12,846.35,836.39,813.27,654.25,0.18,300
2122,12,846.35,836.39,816.68,727.89,0.18,300
2127,13,846.35,836.39,825.16,639.16,0.18,300
2130,13,846.35,836.39,814.00,702.37,0.18,300
2134,13,846.35,836.39,834.90,697.95,0.18,300
2138,13,846.35,836.39,813.13,726.40,0.18,300
2143,13,846.35,836.39,812.78,689.68,0.18,300
2148,13,846.35,836.39,819.51,714.45,0.18,300
2154,13,846.35,836.39,821.74,701.84,0.18,300
2159,13,846.35,836.39,844.74,710.12,0.18,300
2164,13,846.35,836.39,842.78,628.00,0.18,300
2170,13,846.35,836.39,807.61,648.46,0.18,300
2174,13,861.84,836.39,861.84,655.02,0.18,300
2178,13,862.89,836.39,839.80,582.93,0.18,300
2182,13,862.89,836.39,820.58,623.82,0.18,300
2185,13,862.89,836.39,831.30,706.55,0.18,300
2188,13,862.89,836.39,826.08,672.32,0.18,300
2191,13,862.89,836.39,815.35,693.13,0.18,300
2194,13,862.89,836.39,815.70,673.43,0.18,300
2198,13,862.89,836.39,807.63,702.36,0.18,300
2201,13,862.89,836.39,831.73,680.76,0.18,300
2205,13,862.89,836.39,811.23,708.57,0.18,300
2210,13,862.89,836.39,822.48,645.27,0.18,300
2216,14,862.89,836.39,833.22,657.13,0.18,300
2221,14,862.89,836.39,814.16,668.72,0.18,300
2226,14,862.89,836.39,819.77,654.20,0.18,300
2230,14,862.89,836.39,821.72,696.32,0.18,300
2233,14,862.89,836.39,833.77,647.58,0.18,300
2237,14,862.89,836.39,804.32,632.83,0.18,300
2241,14,862.89,836.39,788.50,650.67,0.18,300
2245,14,862.89,836.39,801.46,600.59,0.18,300
2249,14,862.89,836.39,781.11,546.37,0.18,300
2253,14,862.89,836.39,780.01,692.71,0.18,300
2258,14,862.89,836.39,806.26,665.94,0.18,300
2263,14,862.89,836.39,777.68,643.59,0.18,300
2268,14,862.89,836.39,791.72,631.18,0.18,300
2273,14,862.89,836.39,802.60,687.01,0.18,300
2278,14,862.89,836.39,802.89,611.60,0.18,300
2282,14,862.89,836.39,790.36,602.14,0.18,300
2286,14,862.89,836.39,788.45,677.52,0.18,300
2289,14,862.89,836.39,790.77,679.97,0.18,300
2292,14,862.89,836.39,771.48,679.37,0.18,300
2295,14,862.89,836.39,801.30,687.42,0.18,300
2298,14,862.89,836.39,803.35,655.83,0.18,300
2301,15,862.89,836.39,795.81,705.75,0.18,300
2304,15,1091.77,947.90,1077.23,857.11,0.18,400
2307,15,1091.77,1061.16,1068.52,874.53,0.18,400
2310,15,1108.97,1061.16,1108.97,799.12,0.18,400
2313,15,1108.97,1066.02,1062.95,750.03,0.18,400
2316,15,1108.97,1066.02,1093.58,937.94,0.18,400
2320,15,1108.97,1088.00,1103.60,793.28,0.18,400
2324,15,1108.97,1088.00,1093.95,806.16,0.18,400
2327,15,1108.97,1088.00,1076.63,794.46,0.18,400
2330,15,1108.97,1088.00,1083.53,848.06,0.18,400
2333,15,1108.97,1088.00,1096.39,842.75,0.18,400
2337,15,1108.97,1088.00,1071.17,772.79,0.18,400
2340,15,1108.97,1088.00,1090.48,875.46,0.18,400
2343,15,1108.97,1088.00,1080.62,901.13,0.18,400
2346,15,1108.97,1088.00,1085.17,830.64,0.18,400
2349,15,1108.97,1088.00,1087.76,826.23,0.18,400
2352,15,1108.97,1088.00,1056.01,747.07,0.18,400
2355,15,1108.97,1088.00,1057.85,845.24,0.18,400
2359,15,1108.97,1088.00,1071.44,861.02,0.18,400
2362,15,1108.97,1088.00,1039.33,839.80,0.18,400
2365,15,1108.97,1088.00,1078.42,802.29,0.18,400
2368,15,1108.97,1088.00,1053.48,654.03,0.18,400
2371,16,1108.97,1088.00,1037.35,779.76,0.18,400
2374,16,1108.97,1088.00,1058.30,784.38,0.18,400
2378,16,1108.97,1088.00,1051.54,885.75,0.18,400
2382,16,1108.97,1088.00,1062.30,778.50,0.18,400
2385,16,1108.97,1088.00,1081.07,849.71,0.18,400
2388,16,1108.97,1088.00,1054.03,850.92,0.18,400
2392,16,1108.97,1088.00,1051.17,849.62,0.18,400
2396,16,1108.97,1088.00,1077.62,915.36,0.18,400
2399,16,1108.97,1088.00,1051.50,857.77,0.17,400
2402,16,1108.97,1088.00,1054.38,881.81,0.17,400
2405,16,1108.97,1088.00,1055.09,799.95,0.17,400
2408,16,1108.97,1088.00,1039.19,699.53,0.17,400
2411,16,1108.97,1088.00,1024.87,769.70,0.17,400
2415,16,1108.97,1088.00,1047.75,870.61,0.17,400
2418,16,1108.97,1088.00,1055.10,788.09,0.17,400
2421,16,1108.97,1088.00,1088.50,774.74,0.17,400
2424,16,1113.73,1088.00,1096.28,737.79,0.17,400
2427,16,1113.73,1088.00,1054.60,792.48,0.17,400
2430,16,1113.73,1088.00,992.90,877.94,0.17,400
2433,16,1113.73,1088.00,1043.50,885.19,0.17,400
2436,16,1113.73,1088.00,1049.40,796.32,0.17,400
2439,17,1113.73,1088.00,1094.73,744.42,0.17,400
2442,17,1113.73,1088.00,1020.33,747.06,0.17,400
2445,17,1113.73,1088.00,1021.52,802.13,0.17,400
2448,17,1113.73,1088.00,1026.03,821.66,0.18,400
2451,17,1113.73,1088.00,1005.84,815.19,0.18,400
2454,17,1113.73,1088.00,1019.93,868.70,0.17,400
2457,17,1113.73,1088.00,1044.98,717.16,0.17,400
2460,17,1113.73,1088.00,1092.79,867.44,0.17,400
2463,17,1113.73,1088.00,1047.03,835.51,0.17,400
2466,17,1113.73,1088.00,1043.52,820.97,0.17,400
2469,17,1113.73,1088.00,1045.62,806.71,0.17,400
2472,17,1113.73,1088.00,1038.84,862.69,0.17,400
2475,17,1113.73,1088.00,1074.47,916.18,0.18,400
2478,17,1113.73,1088.00,1044.74,893.28,0.18,400
2481,17,1113.73,1088.00,1065.48,864.46,0.18,400
2484,17,1113.73,1088.00,1062.95,871.96,0.18,400
2487,17,1113.73,1088.00,1102.36,815.92,0.18,400
2490,17,1113.73,1088.00,1087.48,736.87,0.18,400
2493,17,1113.73,1088.00,1057.52,766.66,0.18,400
2496,17,1113.73,1088.00,1080.83,842.59,0.18,400
2499,17,1113.73,1088.00,1034.41,850.12,0.18,400
2502,17,1113.73,1088.00,1078.13,931.18,0.18,400
2505,17,1113.73,1088.00,1057.89,768.28,0.18,400
2508,18,1113.73,1088.00,1080.81,846.04,0.18,400
2511,18,1113.73,1088.00,1084.91,756.40,0.18,400
2514,18,1113.73,1088.00,1081.76,877.33,0.18,400
2517,18,1113.73,1088.00,1079.77,897.16,0.18,400
2521,18,1113.73,1088.00,1091.42,851.06,0.18,400
2525,18,1113.73,1088.00,1039.73,794.29,0.18,400
2529,18,1113.73,1088.00,1061.59,804.39,0.18,400
2533,18,1113.73,1088.00,1028.87,665.56,0.18,400
2537,18,1113.73,1088.00,1050.70,828.09,0.18,400
2541,18,1113.73,1088.00,1036.84,843.41,0.17,400
2544,18,1113.73,1088.00,1036.96,758.39,0.17,400
2547,18,1113.73,1088.00,1028.36,822.75,0.17,400
2550,18,1113.73,1088.00,1029.55,807.44,0.17,400
2553,18,1113.73,1088.00,1039.24,794.24,0.17,400
2557,18,1113.73,1088.00,1033.40,853.51,0.17,400
2561,18,1113.73,1088.00,1024.03,842.16,0.17,400
2565,18,1113.73,1088.00,1023.29,839.98,0.17,400
2569,18,1113.73,1088.00,1064.11,785.96,0.17,400
2574,18,1113.73,1088.00,1048.86,625.60,0.17,400
2579,19,1113.73,1088.00,1022.80,819.72,0.17,400
2583,19,1113.73,1088.00,1021.84,850.84,0.17,400
2587,19,1113.73,1088.00,1044.01,873.73,0.18,400
2591,19,1113.73,1088.00,1040.25,763.26,0.18,400
2594,19,1113.73,1088.00,1026.49,773.81,0.18,400
2597,19,1113.73,1088.00,1036.51,901.15,0.18,400
2601,19,1113.73,1088.00,1064.82,837.81,0.18,400
2605,19,1113.73,1088.00,1051.29,874.80,0.18,400
2609,19,1113.73,1088.00,1068.76,884.73,0.18,400
2613,19,1113.73,1088.00,1046.48,813.42,0.18,400
2617,19,1113.73,1088.00,1057.78,917.11,0.18,400
2621,19,1113.73,1088.00,1052.13,735.74,0.18,400
2626,19,1113.73,1088.00,1048.72,841.97,0.18,400
2630,19,1113.73,1088.00,1025.91,866.29,0.18,400
2634,19,1113.73,1088.00,1033.56,735.40,0.18,400
2639,19,1113.73,1088.00,1038.26,868.34,0.18,400
2643,19,1113.73,1088.00,1074.81,883.46,0.18,400
2647,20,1347.47,1088.00,1347.47,921.74,0.18,500
2651,20,1347.47,1319.00,1324.41,1070.32,0.18,500
2655,20,1347.47,1319.00,1315.70,1156.36,0.18,500
2659,20,1353.00,1335.85,1353.00,1045.23,0.18,500
2663,20,1353.00,1335.85,1342.98,989.45,0.18,500
2667,20,1353.00,1335.85,1310.59,966.10,0.18,500
2671,20,1353.00,1335.85,1294.91,1125.15,0.18,500
2674,20,1353.00,1335.85,1320.53,1151.80,0.18,500
2678,20,1353.00,1335.85,1319.31,889.30,0.18,500
2682,20,1353.00,1335.85,1302.19,1024.12,0.18,500
2685,20,1353.00,1335.85,1292.86,1158.82,0.18,500
2688,20,1353.00,1335.85,1283.23,1140.48,0.18,500
2691,20,1353.00,1335.85,1300.55,1179.27,0.18,500
2695,20,1353.00,1335.85,1304.22,1012.56,0.18,500
2699,20,1353.00,1335.85,1311.23,1072.06,0.18,500
2702,21,1353.00,1335.85,1302.93,1154.82,0.18,500
2705,21,1353.00,1335.85,1327.43,1085.84,0.18,500
2709,21,1353.00,1335.85,1347.99,1114.71,0.18,500
2712,21,1353.00,1335.85,1343.94,1156.91,0.18,500
2716,21,1364.55,1335.85,1339.81,1038.81,0.18,500
2720,21,1364.55,1335.85,1358.73,945.90,0.18,500
2724,21,1364.64,1335.85,1323.84,1044.88,0.18,500
2728,21,1364.64,1335.85,1344.75,1026.58,0.18,500
2732,21,1364.64,1335.85,1338.54,1001.04,0.18,500
2736,21,1364.64,1335.85,1320.45,1021.38,0.18,500
2740,21,1364.64,1335.85,1328.53,960.39,0.18,500
2744,21,1364.64,1335.85,1332.45,769.62,0.18,500
2748,21,1364.64,1335.85,1330.84,887.98,0.18,500
2752,21,1364.64,1335.85,1275.41,1073.27,0.18,500
2755,21,1364.64,1335.85,1299.20,1134.70,0.18,500
2758,22,1364.64,1338.43,1311.19,1094.44,0.18,500
2762,22,1364.64,1338.43,1360.57,1023.55,0.18,500
2766,22,1364.64,1344.22,1347.26,964.68,0.18,500
2770,22,1364.64,1344.22,1322.39,951.55,0.18,500
2773,22,1364.64,1356.00,1339.56,1091.54,0.18,500
2777,22,1364.64,1356.00,1341.06,1095.37,0.18,500
2781,22,1383.02,1356.00,1383.02,1099.40,0.18,500
2785,22,1411.48,1388.46,1411.48,1003.58,0.18,500
2789,22,1411.48,1388.46,1381.49,1099.91,0.18,500
2793,22,1411.48,1388.46,1344.70,1225.11,0.18,500
2796,22,1411.48,1388.46,1373.20,1183.68,0.18,500
2800,22,1411.48,1388.46,1367.02,1051.05,0.18,500
2804,22,1411.48,1388.46,1410.65,1176.25,0.18,500
2807,22,1411.48,1388.46,1351.50,1245.76,0.18,500
2811,22,1411.48,1388.46,1382.12,1140.62,0.18,500
2815,23,1411.48,1388.46,1358.54,1124.02,0.18,500
2819,23,1411.48,1388.46,1402.96,1087.52,0.18,500
2823,23,1411.48,1388.46,1405.00,1106.52,0.18,500
2827,23,1411.48,1388.46,1382.09,1013.78,0.18,500
2831,23,1428.01,1388.46,1428.01,1133.86,0.18,500
2835,23,1428.01,1388.46,1381.14,969.11,0.18,500
2839,23,1428.01,1388.46,1382.93,1117.50,0.18,500
2843,23,1428.01,1388.46,1394.08,1072.51,0.18,500
2847,23,1428.01,1388.46,1405.33,1209.76,0.18,500
2851,23,1428.01,1388.46,1358.39,1067.46,0.18,500
2855,23,1428.01,1388.46,1358.61,1016.56,0.18,500
2859,23,1428.01,1388.46,1374.81,1177.82,0.18,500
2862,23,1428.01,1388.46,1374.94,1151.46,0.18,500
2866,23,1428.01,1388.46,1386.10,1037.79,0.18,500
2870,24,1428.01,1388.46,1404.94,1088.23,0.18,500
2874,24,1428.01,1388.46,1376.22,1114.68,0.17,500
2878,24,1428.01,1388.46,1384.42,1112.35,0.17,500
2882,24,1428.01,1388.46,1372.94,1107.44,0.17,500
2885,24,1428.01,1388.46,1398.90,1150.09,0.17,500
2889,24,1428.01,1388.46,1411.51,1111.75,0.17,500
2893,24,1428.01,1388.46,1396.66,1100.75,0.17,500
2897,24,1428.01,1388.46,1392.92,1182.66,0.17,500
2901,24,1428.01,1388.46,1386.82,1200.01,0.18,500
2905,24,1428.01,1388.46,1400.31,1160.72,0.18,500
2909,24,1428.01,1388.46,1384.10,1045.50,0.18,500
2913,24,1428.01,1388.46,1386.41,1007.60,0.18,500
2917,24,1428.01,1388.46,1372.91,1053.36,0.18,500
2921,24,1428.01,1388.46,1388.23,870.41,0.18,500
2925,24,1428.01,1388.46,1377.12,1036.83,0.18,500
2928,25,1642.47,1388.46,1642.47,1377.97,0.18,600
2931,25,1653.90,1388.46,1629.84,1356.68,0.18,600
2934,25,1653.90,1615.42,1634.10,1252.67,0.18,600
2937,25,1665.39,1615.42,1665.39,1308.30,0.18,600
2940,25,1672.30,1615.42,1668.37,1162.59,0.18,600
2943,25,1690.51,1615.42,1675.56,1227.25,0.18,600
2946,25,1690.51,1639.25,1647.57,1258.22,0.18,600
2949,25,1690.51,1639.25,1679.09,1371.32,0.18,600
2952,25,1690.51,1652.45,1671.02,1445.87,0.18,600
2955,25,1690.51,1652.45,1677.69,1208.97,0.18,600
2958,25,1690.51,1671.59,1644.59,1188.85,0.18,600
2961,25,1690.51,1671.59,1688.96,1282.93,0.18,600
2964,25,1690.51,1671.59,1677.95,1364.10,0.18,600
2967,25,1690.51,1671.59,1630.81,1219.30,0.18,600
2970,25,1725.81,1672.77,1649.95,1169.99,0.18,600
2973,25,1725.81,1672.77,1668.56,1270.89,0.18,600
2976,26,1725.81,1681.28,1709.61,1253.38,0.18,600
2979,26,1725.81,1681.28,1695.88,1352.84,0.18,600
2983,26,1725.81,1681.28,1669.02,1201.28,0.18,600
2986,26,1730.12,1681.28,1679.05,1178.35,0.18,600
2989,26,1730.12,1681.28,1658.54,1392.45,0.18,600
2992,26,1730.12,1681.28,1699.19,1226.46,0.18,600
2995,26,1730.12,1712.32,1676.81,1296.12,0.18,600
2998,26,1730.12,1712.32,1672.24,1279.09,0.18,600
3001,26,1730.12,1712.32,1657.28,1174.37,0.18,600
3004,26,1730.12,1712.32,1654.52,1375.21,0.18,600
3007,26,1730.12,1712.32,1683.21,1306.88,0.18,600
3010,26,1730.12,1712.32,1645.20,1321.34,0.18,600
3013,26,1730.12,1712.32,1644.69,1276.42,0.18,600
3016,26,1730.12,1712.32,1649.42,1303.02,0.18,600
3019,26,1730.12,1712.32,1653.77,1333.83,0.18,600
3022,27,1730.12,1712.32,1673.41,1346.97,0.18,600
3025,27,1730.12,1712.32,1684.16,1155.75,0.18,600
3028,27,1730.12,1712.32,1698.41,1187.73,0.18,600
3032,27,1730.12,1712.32,1657.54,1328.44,0.18,600
3035,27,1730.12,1712.32,1663.97,1395.48,0.18,600
3038,27,1730.12,1712.32,1664.88,1336.24,0.18,600
3041,27,1730.12,1712.32,1631.88,1383.23,0.18,600
3044,27,1730.12,1712.32,1660.47,1408.01,0.18,600
3047,27,1730.12,1712.32,1706.06,1332.37,0.18,600
3050,27,1730.12,1712.32,1653.14,1341.72,0.18,600
3053,27,1730.12,1712.32,1726.05,1236.09,0.18,600
3056,27,1730.12,1712.32,1716.23,1526.15,0.18,600
3059,27,1730.12,1712.32,1685.01,1159.06,0.18,600
3063,27,1730.12,1712.32,1667.69,1282.66,0.18,600
3066,27,1730.12,1712.32,1689.71,1288.96,0.18,600
3069,28,1730.12,1712.32,1690.01,1287.98,0.18,600
3072,28,1730.12,1712.32,1664.66,1223.85,0.18,600
3075,28,1730.12,1712.32,1671.02,1398.42,0.18,600
3078,28,1730.12,1712.32,1681.11,1215.63,0.18,600
3081,28,1730.12,1712.32,1691.89,1280.06,0.18,600
3084,28,1730.12,1712.32,1710.54,1195.59,0.18,600
3087,28,1730.12,1712.32,1697.77,1240.21,0.18,600
3090,28,1730.12,1712.32,1696.87,1382.04,0.18,600
3093,28,1730.12,1712.32,1694.24,1420.71,0.18,600
3096,28,1730.12,1712.32,1696.03,1195.80,0.18,600
3099,28,1730.12,1712.32,1684.49,1225.67,0.18,600
3102,28,1730.12,1712.32,1693.15,1341.60,0.18,600
3105,28,1730.12,1712.32,1667.82,1377.65,0.18,600
3108,28,1730.12,1712.32,1677.47,1253.32,0.18,600
3111,28,1730.12,1712.32,1679.07,1413.82,0.18,600
3114,28,1730.12,1712.32,1669.89,1452.04,0.18,600
3117,29,1730.12,1712.32,1676.51,1177.65,0.18,600
3120,29,1730.12,1712.32,1667.69,1224.45,0.18,600
3123,29,1730.12,1712.32,1689.33,1298.69,0.18,600
3126,29,1730.12,1712.32,1673.08,1507.39,0.18,600
3129,29,1730.12,1712.32,1660.71,1356.18,0.18,600
3132,29,1730.12,1712.32,1688.09,1493.75,0.18,600
3135,29,1730.12,1712.32,1708.91,1352.04,0.18,600
3139,29,1730.12,1712.32,1683.32,1295.61,0.18,600
3142,29,1730.12,1712.32,1688.42,1413.14,0.18,600
3145,29,1730.12,1712.32,1654.74,1401.07,0.18,600
3148,29,1730.12,1712.32,1673.88,1446.00,0.18,600
3151,29,1730.12,1712.32,1663.23,1245.39,0.18,600
3154,29,1730.12,1712.32,1689.95,1160.87,0.18,600
3158,29,1730.12,1712.32,1710.60,1119.55,0.18,600
3162,29,1730.12,1712.32,1721.15,1378.95,0.18,600
3165,30,1987.26,1712.32,1987.26,1704.56,0.18,700
3168,30,1987.26,1978.95,1967.27,1519.35,0.18,700
3171,30,1987.26,1978.95,1974.24,1348.58,0.18,700
3174,30,1987.26,1978.95,1919.77,1482.82,0.18,700
3177,30,1987.26,1978.95,1944.80,1593.03,0.18,700
3180,30,1987.26,1978.95,1926.43,1677.42,0.18,700
3183,30,2011.85,1978.95,2011.85,1510.35,0.18,700
3186,30,2011.85,1978.95,1957.27,1497.01,0.18,700
3189,30,2011.85,1978.95,1917.85,1336.40,0.18,700
3192,30,2011.85,1978.95,1940.78,1440.06,0.18,700
3195,30,2011.85,1978.95,1886.42,1503.61,0.18,700
3198,30,2011.85,1978.95,1891.72,1627.14,0.18,700
3201,30,2011.85,1978.95,1902.05,1530.13,0.18,700
3204,30,2011.85,1978.95,1925.31,1521.23,0.18,700
3207,31,2011.85,1978.95,1914.31,1308.09,0.18,700
3210,31,2011.85,1978.95,1921.42,1334.40,0.18,700
3213,31,2011.85,1978.95,1906.82,1482.85,0.18,700
3216,31,2011.85,1978.95,1936.86,1284.28,0.18,700
3219,31,2011.85,1978.95,1945.13,1366.42,0.18,700
3222,31,2011.85,1978.95,1927.11,1528.85,0.18,700
3225,31,2011.85,1978.95,1940.85,1384.78,0.18,700
3228,31,2011.85,1978.95,1932.51,1530.52,0.18,700
3231,31,2011.85,1978.95,1928.83,1384.07,0.18,700
3234,31,2011.85,1978.95,1917.63,1654.86,0.18,700
3237,31,2011.85,1978.95,1923.41,1520.73,0.18,700
3240,31,2011.85,1978.95,1919.79,1233.72,0.18,700
3243,31,2011.85,1978.95,1916.11,1307.54,0.18,700
3246,31,2011.85,1978.95,1908.45,1314.74,0.18,700
3249,32,2011.85,1978.95,1883.48,1523.25,0.18,700
3252,32,2011.85,1978.95,1936.90,1416.21,0.18,700
3255,32,2011.85,1978.95,1906.20,1512.62,0.18,700
3258,32,2011.85,1978.95,1907.22,1449.74,0.18,700
3261,32,2011.85,1978.95,1891.26,1415.63,0.18,700
3264,32,2011.85,1978.95,1922.45,1571.63,0.18,700
3267,32,2011.85,1978.95,1929.47,1569.61,0.18,700
3270,32,2011.85,1978.95,1929.94,1515.80,0.18,700
3273,32,2011.85,1978.95,1924.06,1363.10,0.18,700
3276,32,2011.85,1978.95,1918.19,1403.18,0.18,700
3279,32,2011.85,1978.95,1897.00,1493.99,0.18,700
3282,32,2011.85,1978.95,1893.29,1420.33,0.18,700
3285,32,2011.85,1978.95,1915.22,1296.04,0.18,700
3288,32,2011.85,1978.95,1933.34,1499.50,0.18,700
3291,33,2011.85,1978.95,1906.25,1487.82,0.18,700
3294,33,2011.85,1978.95,1972.85,1493.39,0.18,700
3297,33,2011.85,1978.95,1962.12,1318.68,0.18,700
3300,33,2011.85,1978.95,1954.10,1441.80,0.18,700
3303,33,2011.85,1978.95,1921.90,1555.70,0.18,700
3306,33,2011.85,1978.95,1950.65,1617.05,0.18,700
3309,33,2011.85,1978.95,1975.45,1443.71,0.18,700
3312,33,2011.85,1978.95,1994.40,1547.71,0.18,700
3315,33,2011.85,1978.95,1974.23,1270.33,0.18,700
3318,33,2011.85,1978.95,1936.78,1512.39,0.18,700
3321,33,2011.85,1978.95,1901.17,1558.77,0.18,700
3324,33,2011.85,1978.95,1929.27,1762.58,0.18,700
3327,33,2011.85,1978.95,1934.54,1768.55,0.18,700
3330,34,2011.85,1978.95,1957.84,1539.31,0.18,700
3333,34,2011.85,1978.95,1958.29,1288.89,0.18,700
3336,34,2011.85,1978.95,1968.94,1478.71,0.18,700
3339,34,2011.85,1978.95,1986.57,1633.72,0.18,700
3342,34,2041.68,1978.95,1978.67,1657.03,0.18,700
3345,34,2041.68,1978.95,1926.22,1592.22,0.18,700
3348,34,2041.68,1978.95,1990.07,1477.31,0.18,700
3351,34,2041.68,1978.95,1961.37,1433.73,0.18,700
3354,34,2041.68,1978.95,2000.33,1535.45,0.18,700
3357,34,2041.68,1978.95,1965.55,1523.82,0.18,700
3360,34,2041.68,1978.95,1996.63,1599.12,0.18,700
3363,34,2041.68,1978.95,1962.54,1547.17,0.18,700
3366,34,2041.68,1978.95,1985.90,1570.07,0.18,700
3369,34,2041.68,1978.95,1984.88,1656.12,0.18,700
3372,35,2291.52,1978.95,2291.52,1879.90,0.18,800
3374,35,2291.52,1978.95,2235.95,1916.08,0.18,800
3377,35,2293.25,1978.95,2275.14,1709.23,0.18,800
3379,35,2298.61,2232.86,2298.61,1890.19,0.18,800
3382,35,2298.61,2232.86,2263.69,1865.22,0.18,800
3384,35,2298.61,2232.86,2244.99,1917.88,0.18,800
3386,35,2298.61,2232.86,2232.36,1906.42,0.18,800
3388,35,2298.61,2232.86,2246.51,1949.77,0.18,800
3390,35,2298.61,2232.86,2279.56,1869.55,0.18,800
3393,35,2298.61,2232.86,2277.87,1679.48,0.18,800
3396,35,2331.40,2232.86,2255.91,1751.04,0.18,800
3399,35,2331.40,2257.03,2248.23,1887.50,0.18,800
3402,35,2331.40,2257.03,2290.22,1858.49,0.18,800
3404,35,2331.40,2257.03,2290.30,1854.22,0.18,800
3407,36,2331.40,2257.03,2323.65,1809.37,0.18,800
3409,36,2331.40,2257.03,2316.37,1780.81,0.18,800
3412,36,2331.40,2282.92,2297.08,1808.29,0.18,800
3414,36,2331.40,2282.92,2296.61,1785.44,0.18,800
3416,36,2331.40,2282.92,2267.88,1920.69,0.18,800
3418,36,2331.40,2282.92,2269.52,1961.36,0.18,800
3421,36,2331.40,2282.92,2292.61,1928.96,0.18,800
3423,36,2331.40,2282.92,2291.59,1746.18,0.18,800
3426,36,2331.40,2282.92,2316.12,1905.13,0.18,800
3429,36,2336.55,2282.92,2291.17,1822.92,0.18,800
3432,36,2336.55,2282.92,2286.08,1985.48,0.18,800
3434,36,2336.55,2282.92,2252.87,1974.32,0.18,800
3436,36,2336.55,2282.92,2254.17,2038.96,0.18,800
3438,36,2336.55,2282.92,2269.70,1900.35,0.18,800
3440,37,2336.55,2282.92,2299.48,1897.49,0.18,800
3442,37,2336.55,2282.92,2260.91,1861.22,0.18,800
3444,37,2336.55,2282.92,2252.19,1714.29,0.18,800
3446,37,2340.77,2282.92,2316.91,1777.74,0.18,800
3448,37,2340.77,2282.92,2293.17,1683.43,0.18,800
3450,37,2340.77,2282.92,2302.73,1680.66,0.18,800
3452,37,2340.77,2282.92,2288.85,1933.32,0.18,800
3454,37,2340.77,2282.92,2255.56,1949.08,0.18,800
3456,37,2340.77,2282.92,2298.22,1901.71,0.18,800
3458,37,2340.77,2282.92,2296.29,1520.27,0.18,800
3460,37,2340.77,2282.92,2261.80,1695.37,0.18,800
3462,37,2340.77,2282.92,2240.73,1517.73,0.18,800
3464,37,2340.77,2282.92,2252.49,1608.64,0.18,800
3466,37,2340.77,2282.92,2230.12,1790.08,0.18,800
3468,37,2340.77,2282.92,2247.42,1886.92,0.18,800
3470,37,2340.77,2282.92,2252.74,1668.81,0.18,800
3472,37,2340.77,2282.92,2220.23,1684.12,0.18,800
3474,37,2340.77,2282.92,2248.78,1480.14,0.18,800
3476,38,2340.77,2282.92,2233.60,1802.12,0.18,800
3478,38,2340.77,2282.92,2285.08,1905.61,0.18,800
3480,38,2340.77,2282.92,2266.46,1847.21,0.18,800
3482,38,2340.77,2282.92,2297.29,1824.62,0.18,800
3484,38,2340.77,2282.92,2288.54,1807.97,0.18,800
3486,38,2340.77,2282.92,2276.03,1751.83,0.18,800
3488,38,2340.77,2282.92,2261.92,1732.03,0.18,800
3490,38,2340.77,2287.10,2251.16,1780.38,0.18,800
3492,38,2349.53,2287.10,2276.39,1820.39,0.18,800
3494,38,2349.53,2287.10,2286.86,1967.55,0.18,800
3496,38,2349.53,2297.30,2261.38,2020.03,0.18,800
3498,38,2349.53,2297.30,2305.27,1739.60,0.18,800
3500,38,2349.53,2297.30,2260.05,1796.10,0.18,800
3502,38,2349.53,2297.30,2251.66,1870.66,0.18,800
3504,38,2349.53,2297.30,2243.83,1764.63,0.18,800
3506,38,2349.53,2297.30,2219.57,1995.40,0.18,800
3508,38,2349.53,2297.30,2249.82,1824.88,0.18,800
3510,39,2349.53,2297.30,2199.96,1836.25,0.18,800
3512,39,2349.53,2297.30,2237.87,1926.55,0.18,800
3514,39,2349.53,2297.30,2283.64,1837.17,0.18,800
3515,39,2349.53,2297.30,2258.42,1935.36,0.18,800
3517,39,2349.53,2297.30,2244.92,1767.56,0.18,800
3519,39,2349.53,2297.30,2274.13,1947.74,0.18,800
3521,39,2349.53,2297.30,2251.35,1709.96,0.18,800
3523,39,2349.53,2297.30,2272.98,1813.19,0.18,800
3525,39,2349.53,2297.30,2250.75,1822.70,0.18,800
3527,39,2349.53,2297.30,2269.34,1794.37,0.18,800
3529,39,2349.53,2297.30,2278.15,1782.88,0.18,800
3531,39,2349.53,2297.30,2328.54,1308.22,0.18,800
3533,39,2349.53,2297.30,2247.85,1585.60,0.18,800
3535,39,2349.53,2297.30,2302.62,1764.65,0.18,800
3537,39,2349.53,2297.30,2320.06,1502.40,0.18,800
3539,39,2349.53,2297.30,2284.47,1928.02,0.18,800
3541,39,2349.53,2297.30,2271.70,1671.54,0.18,800
3543,39,2358.26,2297.30,2295.52,1805.84,0.18,800
3545,40,2358.26,2297.30,2293.94,1748.86,0.18,800
3546,40,2588.45,2297.30,2588.45,2070.51,0.18,900
3548,40,2625.52,2398.38,2588.60,1954.67,0.18,900
3550,40,2628.18,2398.38,2577.53,1830.15,0.18,900
3552,40,2628.18,2398.38,2558.77,1813.99,0.18,900
3554,40,2628.18,2398.38,2547.82,2071.36,0.18,900
3556,40,2628.18,2484.84,2607.76,2254.86,0.18,900
3557,40,2628.18,2490.73,2571.65,2265.45,0.18,900
3558,40,2628.18,2490.73,2557.37,2232.31,0.18,900
3559,40,2628.18,2490.73,2610.64,2044.57,0.18,900
3561,40,2628.18,2490.73,2578.91,2035.30,0.18,900
3563,40,2628.18,2490.73,2562.48,2086.49,0.18,900
3565,40,2628.18,2490.73,2612.85,1802.26,0.18,900
3567,40,2628.18,2490.73,2624.31,1986.97,0.18,900
3569,40,2628.18,2490.73,2610.43,2036.89,0.18,900
3571,40,2628.18,2524.50,2534.55,1719.23,0.18,900
3573,40,2628.18,2524.50,2550.93,2010.85,0.18,900
3575,40,2628.18,2524.50,2606.59,2008.11,0.18,900
3577,41,2628.18,2524.50,2603.46,2165.67,0.18,900
3579,41,2628.18,2524.50,2549.88,2013.72,0.18,900
3580,41,2628.18,2524.50,2607.98,2013.02,0.18,900
3581,41,2628.18,2524.50,2594.20,2092.17,0.18,900
3582,41,2628.18,2524.50,2564.35,2067.11,0.18,900
3583,41,2628.18,2524.50,2578.68,2077.97,0.18,900
3584,41,2628.18,2524.50,2591.37,2064.80,0.18,900
3585,41,2628.18,2524.50,2580.84,1958.51,0.18,900
3587,41,2648.75,2524.50,2648.75,2193.42,0.18,900
3588,41,2648.75,2524.50,2581.08,2126.99,0.18,900
3590,41,2648.75,2524.50,2591.18,1832.07,0.18,900
3592,41,2648.75,2524.50,2590.16,2030.30,0.18,900
3594,41,2648.75,2524.50,2561.56,2129.78,0.18,900
3596,41,2648.75,2524.50,2507.41,1837.68,0.18,900
3597,41,2648.75,2555.38,2550.56,2106.66,0.18,900
3599,41,2648.75,2555.38,2530.43,2012.34,0.18,900
3601,41,2648.75,2555.38,2571.66,1958.70,0.18,900
3603,41,2648.75,2555.38,2517.79,1915.44,0.18,900
3605,41,2648.75,2555.38,2636.29,2231.20,0.18,900
3606,41,2648.75,2555.38,2557.10,2037.95,0.18,900
3607,41,2648.75,2555.38,2612.33,2177.83,0.18,900
3609,42,2648.75,2555.38,2540.78,2015.27,0.18,900
3611,42,2648.75,2555.38,2594.75,1986.83,0.18,900
3613,42,2648.75,2555.38,2592.21,1742.85,0.18,900
3615,42,2648.75,2555.38,2512.30,1965.54,0.18,900
3617,42,2648.75,2555.38,2500.82,2146.17,0.18,900
3618,42,2648.75,2555.38,2531.35,2344.16,0.18,900
3620,42,2648.75,2555.38,2527.95,2225.22,0.18,900
3622,42,2648.75,2555.38,2555.86,1928.23,0.18,900
3624,42,2648.75,2555.38,2587.06,1943.91,0.18,900
3626,42,2648.75,2555.38,2540.08,1708.55,0.18,900
3627,42,2648.75,2555.38,2565.50,1948.17,0.18,900
3629,42,2648.75,2555.38,2538.02,1852.70,0.18,900
3631,42,2648.75,2555.38,2562.74,1800.02,0.18,900
3633,42,2648.75,2555.38,2486.87,1928.69,0.19,900
3634,42,2648.75,2555.38,2480.15,2105.69,0.19,900
3636,42,2648.75,2555.38,2476.28,2046.60,0.19,900
3638,42,2648.75,2555.38,2458.40,1952.91,0.19,900
3639,42,2648.75,2555.38,2478.47,2156.58,0.19,900
3640,42,2648.75,2555.38,2473.77,1976.62,0.19,900
3641,43,2648.75,2555.38,2483.81,1881.94,0.19,900
3643,43,2648.75,2555.38,2509.74,2132.65,0.19,900
3645,43,2648.75,2555.38,2497.53,2221.70,0.19,900
3647,43,2648.75,2555.38,2519.95,1649.32,0.19,900
3649,43,2648.75,2555.38,2530.30,1779.46,0.19,900
3651,43,2648.75,2555.38,2524.73,1426.01,0.19,900
3653,43,2648.75,2555.38,2550.19,1815.19,0.19,900
3655,43,2648.75,2555.38,2502.91,1742.26,0.18,900
3657,43,2648.75,2555.38,2473.70,1734.34,0.18,900
3659,43,2648.75,2555.38,2484.76,1739.08,0.18,900
3661,43,2648.75,2555.38,2484.76,1975.98,0.18,900
3663,43,2648.75,2555.38,2484.83,2078.53,0.18,900
3664,43,2648.75,2555.38,2465.31,1897.63,0.18,900
3666,43,2648.75,2555.38,2487.58,1984.28,0.19,900
3668,43,2648.75,2555.38,2500.86,1933.37,0.19,900
3670,43,2648.75,2555.38,2515.41,1880.82,0.19,900
3672,43,2648.75,2555.38,2516.39,1823.92,0.19,900
3674,44,2648.75,2555.38,2559.86,1725.16,0.19,900
3675,44,2648.75,2555.38,2534.40,1879.41,0.19,900
3676,44,2648.75,2555.38,2514.85,1969.40,0.19,900
3678,44,2648.75,2555.38,2551.73,1960.20,0.19,900
3680,44,2648.75,2555.38,2505.96,2113.60,0.19,900
3682,44,2648.75,2555.38,2516.37,2096.81,0.19,900
3684,44,2648.75,2555.38,2502.47,2175.89,0.19,900
3686,44,2648.75,2555.38,2481.84,1700.25,0.19,900
3688,44,2648.75,2555.38,2533.60,1882.42,0.19,900
3690,44,2648.75,2555.38,2536.03,2204.51,0.18,900
3692,44,2648.75,2555.38,2483.93,2008.34,0.18,900
3694,44,2648.75,2555.38,2489.11,1971.08,0.18,900
3696,44,2648.75,2555.38,2530.19,2103.16,0.18,900
3697,44,2648.75,2555.38,2513.59,2284.17,0.18,900
3699,44,2648.75,2555.38,2490.65,2074.15,0.18,900
3701,44,2648.75,2555.38,2524.45,1827.81,0.18,900
3702,44,2648.75,2555.38,2493.05,2054.38,0.18,900
3704,44,2648.75,2555.38,2550.28,1744.90,0.18,900
3706,45,2648.75,2555.38,2544.16,1782.60,0.18,900
3707,45,2812.21,2555.38,2812.21,2190.10,0.18,1000
3709,45,2812.21,2798.04,2805.57,2218.33,0.18,1000
3711,45,2812.21,2798.04,2802.50,2130.60,0.18,1000
3713,45,2812.21,2798.04,2764.65,2508.83,0.19,1000
3714,45,2812.21,2798.04,2773.45,2436.21,0.19,1000
3715,45,2812.21,2798.04,2738.73,2080.28,0.19,1000
3716,45,2812.21,2798.04,2766.30,2164.77,0.19,1000
3717,45,2812.21,2798.04,2797.05,2179.37,0.19,1000
3719,45,2812.21,2798.04,2727.56,2068.62,0.19,1000
3720,45,2812.21,2798.04,2720.70,2177.94,0.19,1000
3722,45,2812.21,2798.04,2775.71,2394.02,0.18,1000
3724,45,2812.21,2798.04,2688.95,2363.10,0.18,1000
3725,45,2812.21,2798.04,2784.53,2293.95,0.18,1000
3726,45,2812.21,2798.04,2771.10,2332.53,0.18,1000
3727,45,2812.21,2798.04,2789.22,2382.33,0.18,1000
3728,45,2812.21,2798.04,2793.96,2031.96,0.18,1000
3729,45,2812.21,2798.04,2807.42,2262.21,0.18,1000
3731,45,2904.98,2798.04,2904.98,2016.41,0.18,1000
3733,45,2904.98,2798.04,2826.33,1618.64,0.18,1000
3735,46,2904.98,2798.04,2818.58,1993.26,0.18,1000
3737,46,2904.98,2798.04,2783.71,2123.75,0.18,1000
3739,46,2904.98,2798.04,2773.24,2248.07,0.18,1000
3741,46,2904.98,2798.04,2801.65,2546.62,0.18,1000
3743,46,2904.98,2798.04,2756.70,2197.18,0.18,1000
3745,46,2904.98,2798.04,2816.97,2250.43,0.18,1000
3747,46,2904.98,2798.04,2803.10,2004.03,0.18,1000
3749,46,2904.98,2798.04,2804.57,1978.68,0.18,1000
3751,46,2904.98,2798.04,2821.80,2021.50,0.18,1000
3753,46,2904.98,2798.04,2853.91,2212.98,0.18,1000
3755,46,2904.98,2798.04,2864.61,1954.20,0.18,1000
3757,46,2904.98,2798.04,2781.66,2179.31,0.18,1000
3758,46,2904.98,2798.04,2765.30,2279.60,0.18,1000
3759,46,2904.98,2798.04,2829.00,2207.83,0.18,1000
3760,46,2904.98,2798.04,2792.46,2175.86,0.19,1000
3761,46,2904.98,2805.35,2817.65,2362.67,0.19,1000
3762,46,2904.98,2805.35,2820.05,2478.18,0.19,1000
3763,47,2904.98,2805.35,2824.95,2119.50,0.19,1000
3764,47,2904.98,2805.35,2843.37,2226.12,0.19,1000
3765,47,2904.98,2805.35,2849.34,2162.13,0.19,1000
3766,47,2904.98,2805.35,2805.83,2128.95,0.19,1000
3768,47,2904.98,2805.35,2846.34,2141.32,0.19,1000
3769,47,2904.98,2805.35,2844.74,2158.12,0.19,1000
3770,47,2904.98,2805.35,2809.57,2033.89,0.19,1000
3771,47,2904.98,2805.35,2810.70,2200.73,0.19,1000
3773,47,2904.98,2808.36,2807.36,2171.91,0.19,1000
3775,47,2904.98,2808.36,2780.03,2401.87,0.19,1000
3776,47,2904.98,2808.36,2828.26,2136.63,0.19,1000
3778,47,2904.98,2808.36,2800.68,2345.59,0.19,1000
3780,47,2904.98,2808.36,2812.68,2386.77,0.19,1000
3781,47,2904.98,2808.36,2829.94,2114.75,0.19,1000
3783,47,2904.98,2808.36,2867.56,2090.02,0.19,1000
3784,47,2904.98,2808.36,2873.73,2104.71,0.19,1000
3785,47,2904.98,2808.36,2844.15,2063.43,0.19,1000
3787,47,2904.98,2808.36,2849.02,2317.41,0.19,1000
3789,47,2904.98,2808.36,2850.32,2079.13,0.19,1000
3791,47,2904.98,2808.36,2809.70,1989.68,0.19,1000
3793,48,2904.98,2808.36,2835.94,2206.01,0.19,1000
3794,48,2904.98,2808.36,2851.35,2252.86,0.19,1000
3796,48,2904.98,2808.36,2844.87,2095.74,0.19,1000
3797,48,2904.98,2832.39,2840.22,2265.64,0.19,1000
3798,48,2904.98,2832.39,2843.67,2343.24,0.19,1000
3799,48,2904.98,2832.39,2828.72,2316.54,0.19,1000
3801,48,2904.98,2832.39,2845.78,2357.76,0.19,1000
3803,48,2904.98,2832.39,2793.80,1872.34,0.19,1000
3804,48,2904.98,2832.39,2842.22,2097.11,0.19,1000
3806,48,2904.98,2832.39,2812.15,2406.53,0.19,1000
3808,48,2904.98,2832.39,2758.95,2294.22,0.19,1000
3809,48,2904.98,2832.39,2840.37,2450.79,0.19,1000
3810,48,2904.98,2832.39,2795.87,2462.90,0.19,1000
3811,48,2904.98,2832.39,2787.74,2336.27,0.19,1000
3812,48,2904.98,2832.39,2770.25,1988.31,0.19,1000
3814,48,2904.98,2832.39,2793.79,2167.37,0.19,1000
3816,48,2904.98,2832.39,2838.31,1859.63,0.19,1000
3818,48,2904.98,2832.39,2827.78,1611.28,0.19,1000
3820,48,2904.98,2832.39,2862.23,1630.25,0.19,1000
3822,48,2904.98,2832.39,2845.08,2202.36,0.19,1000
3824,49,2904.98,2832.39,2794.25,2303.27,0.19,1000
3825,49,2904.98,2832.39,2827.16,2358.74,0.18,1000
3827,49,2904.98,2832.39,2784.56,2106.24,0.18,1000
3829,49,2904.98,2832.39,2746.05,1998.38,0.18,1000
3831,49,2904.98,2832.39,2803.84,2163.53,0.18,1000
3832,49,2904.98,2832.39,2754.08,2200.38,0.18,1000
3833,49,2904.98,2832.39,2787.78,2175.05,0.18,1000
3834,49,2904.98,2832.39,2803.62,2168.99,0.18,1000
3835,49,2904.98,2832.39,2792.07,2324.13,0.18,1000
3837,49,2904.98,2832.39,2781.27,2099.35,0.18,1000
3839,49,2904.98,2832.39,2832.29,1793.84,0.18,1000
3841,49,2904.98,2832.39,2805.73,2272.59,0.18,1000
3843,49,2904.98,2832.39,2814.62,2069.26,0.18,1000
3845,49,2904.98,2832.39,2796.64,1991.71,0.19,1000
3846,49,2904.98,2832.39,2767.12,2207.84,0.19,1000
3847,49,2904.98,2832.39,2751.27,2310.55,0.19,1000
3848,49,2904.98,2832.39,2809.01,2391.88,0.19,1000
3849,49,2904.98,2832.39,2780.70,2310.09,0.19,1000
3850,49,2904.98,2832.39,2788.15,2229.26,0.19,1000
3851,49,2904.98,2832.39,2769.70,2408.40,0.19,1000
3852,50,2904.98,2832.39,2811.64,2264.14,0.19,1000
